Timestamp,Admin/AHU-101 INLET TEMP (°C)
17-Jun-24 6:45:00 AM IST,25.1
17-Jun-24 7:00:00 AM IST,25.1
17-Jun-24 7:15:00 AM IST,25.1
17-Jun-24 7:30:01 AM IST,25.2
17-Jun-24 7:45:00 AM IST,25.2
17-Jun-24 8:00:00 AM IST,25.2
17-Jun-24 8:15:00 AM IST,25.3
17-Jun-24 8:30:00 AM IST,25.3
17-Jun-24 8:45:00 AM IST,25.7
17-Jun-24 9:00:00 AM IST,26.5
17-Jun-24 9:15:01 AM IST,26.4
17-Jun-24 9:30:00 AM IST,26.1
17-Jun-24 9:45:00 AM IST,24.2
17-Jun-24 10:00:00 AM IST,24.1
17-Jun-24 10:15:00 AM IST,24.2
17-Jun-24 10:30:00 AM IST,24.2
17-Jun-24 10:45:00 AM IST,24.2
17-Jun-24 11:00:00 AM IST,24.2
17-Jun-24 11:15:00 AM IST,24.3
17-Jun-24 11:30:00 AM IST,24.4
17-Jun-24 11:45:00 AM IST,24.5
17-Jun-24 12:00:00 PM IST,24.6
17-Jun-24 12:15:00 PM IST,24.7
17-Jun-24 12:30:00 PM IST,24.7
17-Jun-24 12:45:00 PM IST,24.8
17-Jun-24 1:00:00 PM IST,25.0
17-Jun-24 1:15:00 PM IST,25.0
17-Jun-24 1:30:00 PM IST,25.1
17-Jun-24 1:45:00 PM IST,25.2
17-Jun-24 2:00:00 PM IST,25.3
17-Jun-24 2:15:01 PM IST,25.4
17-Jun-24 2:30:02 PM IST,25.4
17-Jun-24 2:45:01 PM IST,25.5
17-Jun-24 3:00:00 PM IST,25.6
17-Jun-24 3:15:00 PM IST,25.7
17-Jun-24 3:30:00 PM IST,25.8
17-Jun-24 3:45:00 PM IST,25.9
17-Jun-24 4:00:00 PM IST,26.0
17-Jun-24 4:15:00 PM IST,26.1
17-Jun-24 4:30:00 PM IST,26.3
17-Jun-24 4:45:01 PM IST,26.4
17-Jun-24 5:00:00 PM IST,26.5
17-Jun-24 5:15:00 PM IST,26.7
17-Jun-24 5:30:00 PM IST,26.8
17-Jun-24 5:45:00 PM IST,26.9
17-Jun-24 6:00:00 PM IST,27.0
17-Jun-24 6:15:01 PM IST,27.1
17-Jun-24 6:30:00 PM IST,27.2
17-Jun-24 6:45:00 PM IST,27.3
17-Jun-24 7:00:00 PM IST,23.4
17-Jun-24 7:15:00 PM IST,19.9
17-Jun-24 7:30:00 PM IST,14.8
17-Jun-24 7:45:01 PM IST,11.8
17-Jun-24 8:00:00 PM IST,9.2
17-Jun-24 8:15:00 PM IST,9.7
17-Jun-24 8:30:01 PM IST,9.4
17-Jun-24 8:45:00 PM IST,9.8
17-Jun-24 9:00:00 PM IST,10.1
17-Jun-24 9:15:01 PM IST,10.3
17-Jun-24 9:30:00 PM IST,10.5
17-Jun-24 9:45:00 PM IST,10.6
17-Jun-24 10:00:00 PM IST,10.6
17-Jun-24 10:15:00 PM IST,10.5
17-Jun-24 10:30:00 PM IST,10.5
17-Jun-24 10:45:00 PM IST,10.5
17-Jun-24 11:00:00 PM IST,10.5
17-Jun-24 11:15:01 PM IST,10.5
17-Jun-24 11:30:01 PM IST,10.5
17-Jun-24 11:45:00 PM IST,10.6
18-Jun-24 12:00:00 AM IST,10.6
18-Jun-24 12:15:00 AM IST,10.7
18-Jun-24 12:30:00 AM IST,10.8
18-Jun-24 12:45:00 AM IST,10.9
18-Jun-24 1:00:00 AM IST,11.0
18-Jun-24 1:15:00 AM IST,11.1
18-Jun-24 1:30:00 AM IST,11.3
18-Jun-24 1:45:00 AM IST,11.4
18-Jun-24 2:00:00 AM IST,11.5
18-Jun-24 2:15:00 AM IST,11.6
18-Jun-24 2:30:00 AM IST,11.7
18-Jun-24 2:45:00 AM IST,11.7
18-Jun-24 3:00:01 AM IST,11.8
18-Jun-24 3:15:00 AM IST,11.9
18-Jun-24 3:30:00 AM IST,12.0
18-Jun-24 3:45:00 AM IST,12.1
18-Jun-24 4:00:01 AM IST,12.1
18-Jun-24 4:15:00 AM IST,12.2
18-Jun-24 4:30:00 AM IST,12.3
18-Jun-24 4:45:00 AM IST,12.4
18-Jun-24 5:00:01 AM IST,12.4
18-Jun-24 5:15:00 AM IST,12.5
18-Jun-24 5:30:00 AM IST,12.5
18-Jun-24 5:45:01 AM IST,12.6
18-Jun-24 6:00:01 AM IST,12.7
18-Jun-24 6:15:00 AM IST,12.7
18-Jun-24 6:30:00 AM IST,12.8
18-Jun-24 6:45:01 AM IST,12.9
18-Jun-24 7:00:00 AM IST,12.9
18-Jun-24 7:15:00 AM IST,12.9
18-Jun-24 7:30:00 AM IST,12.8
18-Jun-24 7:45:00 AM IST,11.8
18-Jun-24 8:00:00 AM IST,12.1
18-Jun-24 8:15:00 AM IST,10.2
18-Jun-24 8:30:00 AM IST,12.3
18-Jun-24 8:45:00 AM IST,11.2
18-Jun-24 9:00:01 AM IST,10.2
18-Jun-24 9:15:00 AM IST,10.6
18-Jun-24 9:30:00 AM IST,10.8
18-Jun-24 9:45:00 AM IST,10.9
18-Jun-24 10:00:00 AM IST,11.0
18-Jun-24 10:15:00 AM IST,11.3
18-Jun-24 10:30:00 AM IST,11.8
18-Jun-24 10:45:00 AM IST,11.9
18-Jun-24 11:00:01 AM IST,12.1
18-Jun-24 11:15:00 AM IST,12.3
18-Jun-24 11:30:01 AM IST,12.6
18-Jun-24 11:45:00 AM IST,12.7
18-Jun-24 12:00:00 PM IST,12.9
18-Jun-24 12:15:00 PM IST,13.0
18-Jun-24 12:30:00 PM IST,13.1
18-Jun-24 12:45:00 PM IST,13.0
18-Jun-24 1:00:00 PM IST,12.9
18-Jun-24 1:15:01 PM IST,12.9
18-Jun-24 1:30:00 PM IST,12.8
18-Jun-24 1:45:00 PM IST,12.7
18-Jun-24 2:00:00 PM IST,12.6
18-Jun-24 2:15:00 PM IST,12.6
18-Jun-24 2:30:00 PM IST,12.6
18-Jun-24 2:45:00 PM IST,12.6
18-Jun-24 3:00:01 PM IST,12.6
18-Jun-24 3:15:00 PM IST,12.6
18-Jun-24 3:30:00 PM IST,12.6
18-Jun-24 3:45:01 PM IST,12.6
18-Jun-24 4:00:01 PM IST,12.5
18-Jun-24 4:15:00 PM IST,12.3
18-Jun-24 4:30:01 PM IST,12.4
18-Jun-24 4:45:01 PM IST,12.4
18-Jun-24 5:00:00 PM IST,12.4
18-Jun-24 5:15:00 PM IST,12.3
18-Jun-24 5:30:00 PM IST,12.3
18-Jun-24 5:45:00 PM IST,12.2
18-Jun-24 6:00:00 PM IST,11.4
18-Jun-24 6:15:00 PM IST,11.6
18-Jun-24 6:30:00 PM IST,11.8
18-Jun-24 6:45:00 PM IST,12.5
18-Jun-24 7:00:00 PM IST,11.7
18-Jun-24 7:15:00 PM IST,11.8
18-Jun-24 7:30:01 PM IST,11.7
18-Jun-24 7:45:00 PM IST,12.0
18-Jun-24 8:00:00 PM IST,12.3
18-Jun-24 8:15:00 PM IST,12.5
18-Jun-24 8:30:00 PM IST,12.7
18-Jun-24 8:45:00 PM IST,12.9
18-Jun-24 9:00:01 PM IST,13.1
18-Jun-24 9:15:00 PM IST,13.2
18-Jun-24 9:30:00 PM IST,13.3
18-Jun-24 9:45:00 PM IST,13.4
18-Jun-24 10:00:00 PM IST,13.6
18-Jun-24 10:15:00 PM IST,13.7
18-Jun-24 10:30:01 PM IST,13.9
18-Jun-24 10:45:00 PM IST,14.1
18-Jun-24 11:00:00 PM IST,14.4
18-Jun-24 11:15:00 PM IST,14.8
18-Jun-24 11:30:00 PM IST,15.3
18-Jun-24 11:45:00 PM IST,15.8
19-Jun-24 12:00:00 AM IST,16.1
19-Jun-24 12:15:00 AM IST,16.4
19-Jun-24 12:30:00 AM IST,16.7
19-Jun-24 12:45:00 AM IST,16.9
19-Jun-24 1:00:00 AM IST,17.1
19-Jun-24 1:15:01 AM IST,17.3
19-Jun-24 1:30:00 AM IST,17.4
19-Jun-24 1:45:00 AM IST,17.6
19-Jun-24 2:00:01 AM IST,17.8
19-Jun-24 2:15:00 AM IST,17.9
19-Jun-24 2:30:00 AM IST,18.0
19-Jun-24 2:45:00 AM IST,18.2
19-Jun-24 3:00:00 AM IST,18.3
19-Jun-24 3:15:00 AM IST,18.4
19-Jun-24 3:30:00 AM IST,18.6
19-Jun-24 3:45:00 AM IST,18.7
19-Jun-24 4:00:00 AM IST,18.8
19-Jun-24 4:15:00 AM IST,18.9
19-Jun-24 4:30:00 AM IST,19.0
19-Jun-24 4:45:00 AM IST,19.2
19-Jun-24 5:00:00 AM IST,19.3
19-Jun-24 5:15:00 AM IST,19.4
19-Jun-24 5:30:00 AM IST,19.6
19-Jun-24 5:45:00 AM IST,19.7
19-Jun-24 6:00:00 AM IST,19.8
19-Jun-24 6:15:00 AM IST,19.9
19-Jun-24 6:30:00 AM IST,20.1
19-Jun-24 6:45:00 AM IST,20.2
19-Jun-24 7:00:00 AM IST,20.3
19-Jun-24 7:15:00 AM IST,20.5
19-Jun-24 7:30:00 AM IST,20.5
19-Jun-24 7:45:00 AM IST,14.8
19-Jun-24 8:00:00 AM IST,15.2
19-Jun-24 8:15:00 AM IST,13.2
19-Jun-24 8:30:00 AM IST,12.4
19-Jun-24 8:45:00 AM IST,11.6
19-Jun-24 9:00:00 AM IST,10.4
19-Jun-24 9:15:01 AM IST,10.0
19-Jun-24 9:30:00 AM IST,10.2
19-Jun-24 9:45:00 AM IST,10.2
19-Jun-24 10:00:00 AM IST,10.0
19-Jun-24 10:15:00 AM IST,10.2
19-Jun-24 10:30:00 AM IST,10.4
19-Jun-24 10:45:00 AM IST,10.5
19-Jun-24 11:00:00 AM IST,10.6
19-Jun-24 11:15:00 AM IST,10.9
19-Jun-24 11:30:00 AM IST,11.0
19-Jun-24 11:45:00 AM IST,11.1
19-Jun-24 12:00:00 PM IST,10.9
19-Jun-24 12:15:00 PM IST,11.3
19-Jun-24 12:30:00 PM IST,11.2
19-Jun-24 12:45:00 PM IST,11.2
19-Jun-24 1:00:00 PM IST,11.1
19-Jun-24 1:15:00 PM IST,11.6
19-Jun-24 1:30:00 PM IST,11.5
19-Jun-24 1:45:00 PM IST,11.4
19-Jun-24 2:00:00 PM IST,11.3
19-Jun-24 2:15:00 PM IST,11.3
19-Jun-24 2:30:00 PM IST,11.2
19-Jun-24 2:45:00 PM IST,11.2
19-Jun-24 3:00:00 PM IST,11.2
19-Jun-24 3:15:00 PM IST,11.1
19-Jun-24 3:30:00 PM IST,11.2
19-Jun-24 3:45:00 PM IST,11.3
19-Jun-24 4:00:00 PM IST,11.3
19-Jun-24 4:15:00 PM IST,11.2
19-Jun-24 4:30:00 PM IST,11.3
19-Jun-24 4:45:00 PM IST,11.3
19-Jun-24 5:00:00 PM IST,11.3
19-Jun-24 5:15:00 PM IST,11.2
19-Jun-24 5:30:00 PM IST,11.2
19-Jun-24 5:45:00 PM IST,11.1
19-Jun-24 6:00:01 PM IST,10.5
19-Jun-24 6:15:00 PM IST,14.8
19-Jun-24 6:30:00 PM IST,23.5
19-Jun-24 6:45:00 PM IST,24.7
19-Jun-24 7:00:00 PM IST,25.1
19-Jun-24 7:15:00 PM IST,25.3
19-Jun-24 7:30:00 PM IST,19.8
19-Jun-24 7:45:01 PM IST,19.7
19-Jun-24 8:00:00 PM IST,19.5
19-Jun-24 8:15:00 PM IST,18.9
19-Jun-24 8:30:00 PM IST,18.4
19-Jun-24 8:45:00 PM IST,17.7
19-Jun-24 9:00:00 PM IST,17.1
19-Jun-24 9:15:00 PM IST,16.6
19-Jun-24 9:30:00 PM IST,16.0
19-Jun-24 9:45:00 PM IST,15.5
19-Jun-24 10:00:00 PM IST,14.4
19-Jun-24 10:15:00 PM IST,13.4
19-Jun-24 10:30:00 PM IST,13.1
19-Jun-24 10:45:01 PM IST,13.0
19-Jun-24 11:00:00 PM IST,13.1
19-Jun-24 11:15:00 PM IST,13.2
19-Jun-24 11:30:00 PM IST,13.4
19-Jun-24 11:45:00 PM IST,13.6
20-Jun-24 12:00:00 AM IST,13.7
20-Jun-24 12:15:00 AM IST,13.9
20-Jun-24 12:30:00 AM IST,14.1
20-Jun-24 12:45:00 AM IST,14.2
20-Jun-24 1:00:00 AM IST,14.4
20-Jun-24 1:15:00 AM IST,14.5
20-Jun-24 1:30:00 AM IST,14.7
20-Jun-24 1:45:00 AM IST,14.8
20-Jun-24 2:00:00 AM IST,15.0
20-Jun-24 2:15:00 AM IST,15.1
20-Jun-24 2:30:00 AM IST,15.3
20-Jun-24 2:45:00 AM IST,15.5
20-Jun-24 3:00:00 AM IST,15.7
20-Jun-24 3:15:00 AM IST,15.9
20-Jun-24 3:30:00 AM IST,16.1
20-Jun-24 3:45:00 AM IST,16.4
20-Jun-24 4:00:00 AM IST,16.6
20-Jun-24 4:15:01 AM IST,16.9
20-Jun-24 4:30:00 AM IST,17.1
20-Jun-24 4:45:00 AM IST,17.3
20-Jun-24 5:00:00 AM IST,17.6
20-Jun-24 5:15:00 AM IST,17.8
20-Jun-24 5:30:00 AM IST,18.0
20-Jun-24 5:45:00 AM IST,18.2
20-Jun-24 6:00:01 AM IST,18.4
20-Jun-24 6:15:00 AM IST,18.6
20-Jun-24 6:30:00 AM IST,18.8
20-Jun-24 6:45:00 AM IST,19.0
20-Jun-24 7:00:00 AM IST,19.1
20-Jun-24 7:15:01 AM IST,19.3
20-Jun-24 7:30:00 AM IST,19.5
20-Jun-24 7:45:00 AM IST,12.8
20-Jun-24 8:00:01 AM IST,13.0
20-Jun-24 8:15:00 AM IST,9.1
20-Jun-24 8:30:00 AM IST,8.1
20-Jun-24 8:45:00 AM IST,8.4
20-Jun-24 9:00:00 AM IST,7.8
20-Jun-24 9:15:00 AM IST,7.9
20-Jun-24 9:30:00 AM IST,8.0
20-Jun-24 9:45:00 AM IST,9.0
20-Jun-24 10:00:01 AM IST,9.5
20-Jun-24 10:15:00 AM IST,9.7
20-Jun-24 10:30:00 AM IST,10.0
20-Jun-24 10:45:00 AM IST,10.4
20-Jun-24 11:00:00 AM IST,10.6
20-Jun-24 11:15:00 AM IST,10.7
20-Jun-24 11:30:00 AM IST,10.8
20-Jun-24 11:45:00 AM IST,10.9
20-Jun-24 12:00:01 PM IST,10.9
20-Jun-24 12:15:03 PM IST,11.1
20-Jun-24 12:30:01 PM IST,11.0
20-Jun-24 12:45:00 PM IST,11.2
20-Jun-24 1:00:00 PM IST,11.0
20-Jun-24 1:15:01 PM IST,11.0
20-Jun-24 1:30:00 PM IST,11.0
20-Jun-24 1:45:00 PM IST,10.9
20-Jun-24 2:00:00 PM IST,10.8
20-Jun-24 2:15:00 PM IST,10.8
20-Jun-24 2:30:00 PM IST,10.9
20-Jun-24 2:45:01 PM IST,10.9
20-Jun-24 3:00:01 PM IST,10.8
20-Jun-24 3:15:00 PM IST,10.8
20-Jun-24 3:30:00 PM IST,10.9
20-Jun-24 3:45:00 PM IST,11.1
20-Jun-24 4:00:01 PM IST,11.1
20-Jun-24 4:15:00 PM IST,11.1
20-Jun-24 4:30:01 PM IST,11.1
20-Jun-24 4:45:00 PM IST,11.1
20-Jun-24 5:00:00 PM IST,11.1
20-Jun-24 5:15:00 PM IST,11.1
20-Jun-24 5:30:01 PM IST,11.1
20-Jun-24 5:45:01 PM IST,11.2
20-Jun-24 6:00:00 PM IST,11.0
20-Jun-24 6:15:00 PM IST,14.5
20-Jun-24 6:30:00 PM IST,22.7
20-Jun-24 6:45:00 PM IST,24.5
20-Jun-24 7:00:00 PM IST,24.8
20-Jun-24 7:15:00 PM IST,25.1
20-Jun-24 7:30:00 PM IST,25.2
20-Jun-24 7:45:00 PM IST,24.8
20-Jun-24 8:00:00 PM IST,24.5
20-Jun-24 8:15:00 PM IST,24.1
20-Jun-24 8:30:00 PM IST,23.9
20-Jun-24 8:45:00 PM IST,23.8
20-Jun-24 9:00:00 PM IST,23.7
20-Jun-24 9:15:00 PM IST,23.5
20-Jun-24 9:30:00 PM IST,23.3
20-Jun-24 9:45:00 PM IST,23.3
20-Jun-24 10:00:00 PM IST,23.4
20-Jun-24 10:15:00 PM IST,23.6
20-Jun-24 10:30:00 PM IST,22.5
20-Jun-24 10:45:00 PM IST,19.9
20-Jun-24 11:00:00 PM IST,17.6
20-Jun-24 11:15:00 PM IST,16.2
20-Jun-24 11:30:00 PM IST,15.3
20-Jun-24 11:45:00 PM IST,14.8
21-Jun-24 12:00:00 AM IST,14.6
21-Jun-24 12:15:00 AM IST,14.5
21-Jun-24 12:30:00 AM IST,14.5
21-Jun-24 12:45:00 AM IST,14.5
21-Jun-24 1:00:00 AM IST,14.6
21-Jun-24 1:15:00 AM IST,14.7
21-Jun-24 1:30:00 AM IST,14.9
21-Jun-24 1:45:00 AM IST,15.0
21-Jun-24 2:00:00 AM IST,15.1
21-Jun-24 2:15:00 AM IST,15.2
21-Jun-24 2:30:01 AM IST,15.3
21-Jun-24 2:45:00 AM IST,15.4
21-Jun-24 3:00:00 AM IST,15.6
21-Jun-24 3:15:00 AM IST,15.7
21-Jun-24 3:30:02 AM IST,15.8
21-Jun-24 3:45:01 AM IST,15.9
21-Jun-24 4:00:00 AM IST,16.0
21-Jun-24 4:15:00 AM IST,16.1
21-Jun-24 4:30:00 AM IST,16.2
21-Jun-24 4:45:00 AM IST,16.3
21-Jun-24 5:00:00 AM IST,16.4
21-Jun-24 5:15:01 AM IST,16.6
21-Jun-24 5:30:00 AM IST,16.8
21-Jun-24 5:45:00 AM IST,17.0
21-Jun-24 6:00:00 AM IST,17.3
21-Jun-24 6:15:00 AM IST,17.6
21-Jun-24 6:30:00 AM IST,17.9
21-Jun-24 6:45:00 AM IST,18.2
21-Jun-24 7:00:00 AM IST,18.6
21-Jun-24 7:15:00 AM IST,19.1
21-Jun-24 7:30:00 AM IST,19.4
21-Jun-24 7:45:00 AM IST,13.8
21-Jun-24 8:00:01 AM IST,14.2
21-Jun-24 8:15:01 AM IST,12.9
21-Jun-24 8:30:00 AM IST,11.7
21-Jun-24 8:45:00 AM IST,11.0
21-Jun-24 9:00:00 AM IST,9.9
21-Jun-24 9:15:00 AM IST,9.6
21-Jun-24 9:30:01 AM IST,9.2
21-Jun-24 9:45:00 AM IST,8.7
21-Jun-24 10:00:00 AM IST,9.0
21-Jun-24 10:15:01 AM IST,9.2
21-Jun-24 10:30:00 AM IST,9.9
21-Jun-24 10:45:00 AM IST,10.1
21-Jun-24 11:00:00 AM IST,10.4
21-Jun-24 11:15:00 AM IST,10.6
21-Jun-24 11:30:00 AM IST,10.6
21-Jun-24 11:45:01 AM IST,10.6
21-Jun-24 12:00:00 PM IST,10.6
21-Jun-24 12:15:01 PM IST,10.6
21-Jun-24 12:30:00 PM IST,10.5
21-Jun-24 12:45:01 PM IST,10.4
21-Jun-24 1:00:00 PM IST,10.4
21-Jun-24 1:15:00 PM IST,10.2
21-Jun-24 1:30:00 PM IST,10.9
21-Jun-24 1:45:01 PM IST,10.6
21-Jun-24 2:00:00 PM IST,10.3
21-Jun-24 2:15:01 PM IST,10.2
21-Jun-24 2:30:00 PM IST,10.4
21-Jun-24 2:45:00 PM IST,10.8
21-Jun-24 3:00:00 PM IST,11.1
21-Jun-24 3:15:00 PM IST,11.4
21-Jun-24 3:30:00 PM IST,11.2
21-Jun-24 3:45:00 PM IST,11.1
21-Jun-24 4:00:00 PM IST,10.9
21-Jun-24 4:15:00 PM IST,10.6
21-Jun-24 4:30:00 PM IST,10.3
21-Jun-24 4:45:00 PM IST,10.1
21-Jun-24 5:00:01 PM IST,9.9
21-Jun-24 5:15:00 PM IST,9.7
21-Jun-24 5:30:00 PM IST,9.5
21-Jun-24 5:45:00 PM IST,9.4
21-Jun-24 6:00:00 PM IST,9.3
21-Jun-24 6:15:00 PM IST,10.6
21-Jun-24 6:30:00 PM IST,18.0
21-Jun-24 6:45:01 PM IST,22.8
21-Jun-24 7:00:01 PM IST,24.4
21-Jun-24 7:15:00 PM IST,24.7
21-Jun-24 7:30:00 PM IST,24.7
21-Jun-24 7:45:00 PM IST,23.5
21-Jun-24 8:00:00 PM IST,21.7
21-Jun-24 8:15:00 PM IST,20.6
21-Jun-24 8:30:00 PM IST,20.0
21-Jun-24 8:45:00 PM IST,19.6
21-Jun-24 9:00:00 PM IST,19.4
21-Jun-24 9:15:00 PM IST,19.3
21-Jun-24 9:30:00 PM IST,19.2
21-Jun-24 9:45:01 PM IST,19.1
21-Jun-24 10:00:00 PM IST,19.1
21-Jun-24 10:15:00 PM IST,19.1
21-Jun-24 10:30:00 PM IST,19.1
21-Jun-24 10:45:01 PM IST,19.1
21-Jun-24 11:00:00 PM IST,19.2
21-Jun-24 11:15:00 PM IST,19.2
21-Jun-24 11:30:00 PM IST,19.2
21-Jun-24 11:45:00 PM IST,19.3
22-Jun-24 12:00:00 AM IST,19.3
22-Jun-24 12:15:00 AM IST,19.4
22-Jun-24 12:30:00 AM IST,19.5
22-Jun-24 12:45:00 AM IST,19.6
22-Jun-24 1:00:00 AM IST,19.8
22-Jun-24 1:15:00 AM IST,19.9
22-Jun-24 1:30:00 AM IST,20.1
22-Jun-24 1:45:00 AM IST,20.2
22-Jun-24 2:00:00 AM IST,20.3
22-Jun-24 2:15:01 AM IST,20.4
22-Jun-24 2:30:00 AM IST,20.5
22-Jun-24 2:45:00 AM IST,20.7
22-Jun-24 3:00:00 AM IST,20.9
22-Jun-24 3:15:00 AM IST,21.0
22-Jun-24 3:30:00 AM IST,21.1
22-Jun-24 3:45:00 AM IST,21.1
22-Jun-24 4:00:00 AM IST,21.0
22-Jun-24 4:15:00 AM IST,20.6
22-Jun-24 4:30:00 AM IST,20.1
22-Jun-24 4:45:00 AM IST,19.7
22-Jun-24 5:00:00 AM IST,19.5
22-Jun-24 5:15:00 AM IST,19.3
22-Jun-24 5:30:00 AM IST,19.1
22-Jun-24 5:45:01 AM IST,18.9
22-Jun-24 6:00:00 AM IST,18.7
22-Jun-24 6:15:00 AM IST,18.6
22-Jun-24 6:30:00 AM IST,18.6
22-Jun-24 6:45:00 AM IST,18.5
22-Jun-24 7:00:00 AM IST,18.4
22-Jun-24 7:15:00 AM IST,18.2
22-Jun-24 7:30:00 AM IST,18.0
22-Jun-24 7:45:00 AM IST,17.8
22-Jun-24 8:00:00 AM IST,13.6
22-Jun-24 8:15:00 AM IST,12.7
22-Jun-24 8:30:00 AM IST,13.7
22-Jun-24 8:45:01 AM IST,10.4
22-Jun-24 9:00:00 AM IST,10.4
22-Jun-24 9:15:01 AM IST,9.6
22-Jun-24 9:30:00 AM IST,11.8
22-Jun-24 9:45:00 AM IST,11.0
22-Jun-24 10:00:00 AM IST,10.8
22-Jun-24 10:15:00 AM IST,10.8
22-Jun-24 10:30:00 AM IST,10.8
22-Jun-24 10:45:00 AM IST,10.9
22-Jun-24 11:00:00 AM IST,10.8
22-Jun-24 11:15:00 AM IST,11.0
22-Jun-24 11:30:00 AM IST,10.9
22-Jun-24 11:45:01 AM IST,10.9
22-Jun-24 12:00:00 PM IST,10.9
22-Jun-24 12:15:00 PM IST,11.0
22-Jun-24 12:30:00 PM IST,11.3
22-Jun-24 12:45:00 PM IST,11.0
22-Jun-24 1:00:00 PM IST,11.0
22-Jun-24 1:15:00 PM IST,10.8
22-Jun-24 1:30:01 PM IST,10.6
22-Jun-24 1:45:00 PM IST,10.6
22-Jun-24 2:00:00 PM IST,10.5
22-Jun-24 2:15:00 PM IST,10.4
22-Jun-24 2:30:00 PM IST,10.2
22-Jun-24 2:45:00 PM IST,11.7
22-Jun-24 3:00:00 PM IST,10.5
22-Jun-24 3:15:00 PM IST,10.1
22-Jun-24 3:30:00 PM IST,10.0
22-Jun-24 3:45:00 PM IST,9.8
22-Jun-24 4:00:00 PM IST,9.4
22-Jun-24 4:15:01 PM IST,9.2
22-Jun-24 4:30:00 PM IST,8.9
22-Jun-24 4:45:01 PM IST,8.6
22-Jun-24 5:00:00 PM IST,8.4
22-Jun-24 5:15:00 PM IST,8.0
22-Jun-24 5:30:00 PM IST,7.4
22-Jun-24 5:45:00 PM IST,7.3
22-Jun-24 6:00:00 PM IST,6.8
22-Jun-24 6:15:00 PM IST,7.7
22-Jun-24 6:30:00 PM IST,8.8
22-Jun-24 6:45:00 PM IST,10.0
22-Jun-24 7:00:00 PM IST,11.0
22-Jun-24 7:15:00 PM IST,11.7
22-Jun-24 7:30:00 PM IST,12.4
22-Jun-24 7:45:00 PM IST,13.0
22-Jun-24 8:00:01 PM IST,13.6
22-Jun-24 8:15:00 PM IST,14.1
22-Jun-24 8:30:00 PM IST,14.6
22-Jun-24 8:45:00 PM IST,15.1
22-Jun-24 9:00:00 PM IST,15.3
22-Jun-24 9:15:00 PM IST,15.7
22-Jun-24 9:30:00 PM IST,16.1
22-Jun-24 9:45:00 PM IST,16.4
22-Jun-24 10:00:00 PM IST,16.7
22-Jun-24 10:15:00 PM IST,16.9
22-Jun-24 10:30:00 PM IST,17.2
22-Jun-24 10:45:00 PM IST,17.3
22-Jun-24 11:00:01 PM IST,17.4
22-Jun-24 11:15:00 PM IST,17.5
22-Jun-24 11:30:00 PM IST,17.3
22-Jun-24 11:45:01 PM IST,16.8
23-Jun-24 12:00:00 AM IST,15.8
23-Jun-24 12:15:00 AM IST,14.4
23-Jun-24 12:30:00 AM IST,13.1
23-Jun-24 12:45:00 AM IST,12.3
23-Jun-24 1:00:00 AM IST,11.8
23-Jun-24 1:15:00 AM IST,11.6
23-Jun-24 1:30:00 AM IST,11.6
23-Jun-24 1:45:00 AM IST,11.8
23-Jun-24 2:00:00 AM IST,12.0
23-Jun-24 2:15:00 AM IST,12.1
23-Jun-24 2:30:00 AM IST,12.1
23-Jun-24 2:45:00 AM IST,11.9
23-Jun-24 3:00:00 AM IST,11.6
23-Jun-24 3:15:00 AM IST,11.4
23-Jun-24 3:30:00 AM IST,11.3
23-Jun-24 3:45:00 AM IST,11.3
23-Jun-24 4:00:01 AM IST,11.4
23-Jun-24 4:15:01 AM IST,11.5
23-Jun-24 4:30:00 AM IST,11.6
23-Jun-24 4:45:00 AM IST,11.7
23-Jun-24 5:00:00 AM IST,11.9
23-Jun-24 5:15:00 AM IST,12.0
23-Jun-24 5:30:00 AM IST,12.1
23-Jun-24 5:45:00 AM IST,12.3
23-Jun-24 6:00:00 AM IST,12.4
23-Jun-24 6:15:01 AM IST,12.5
23-Jun-24 6:30:00 AM IST,12.6
23-Jun-24 6:45:00 AM IST,12.6
23-Jun-24 7:00:01 AM IST,12.7
23-Jun-24 7:15:01 AM IST,12.8
23-Jun-24 7:30:00 AM IST,12.9
23-Jun-24 7:45:00 AM IST,13.0
23-Jun-24 8:00:00 AM IST,13.1
23-Jun-24 8:15:00 AM IST,13.1
23-Jun-24 8:30:01 AM IST,13.2
23-Jun-24 8:45:00 AM IST,13.3
23-Jun-24 9:00:01 AM IST,13.4
23-Jun-24 9:15:00 AM IST,13.5
23-Jun-24 9:30:00 AM IST,13.6
23-Jun-24 9:45:00 AM IST,13.7
23-Jun-24 10:00:00 AM IST,13.9
23-Jun-24 10:15:00 AM IST,14.0
23-Jun-24 10:30:01 AM IST,14.2
23-Jun-24 10:45:00 AM IST,14.3
23-Jun-24 11:00:00 AM IST,14.4
23-Jun-24 11:15:00 AM IST,14.5
23-Jun-24 11:30:00 AM IST,14.6
23-Jun-24 11:45:00 AM IST,14.7
23-Jun-24 12:00:00 PM IST,14.9
23-Jun-24 12:15:00 PM IST,15.0
23-Jun-24 12:30:00 PM IST,15.1
23-Jun-24 12:45:00 PM IST,15.1
23-Jun-24 1:00:00 PM IST,15.2
23-Jun-24 1:15:00 PM IST,15.3
23-Jun-24 1:30:00 PM IST,15.4
23-Jun-24 1:45:01 PM IST,15.5
23-Jun-24 2:00:00 PM IST,15.6
23-Jun-24 2:15:00 PM IST,15.6
23-Jun-24 2:30:00 PM IST,15.7
23-Jun-24 2:45:00 PM IST,15.7
23-Jun-24 3:00:00 PM IST,15.8
23-Jun-24 3:15:00 PM IST,15.9
23-Jun-24 3:30:00 PM IST,15.9
23-Jun-24 3:45:01 PM IST,16.0
23-Jun-24 4:00:01 PM IST,16.1
23-Jun-24 4:15:00 PM IST,16.1
23-Jun-24 4:30:00 PM IST,16.2
23-Jun-24 4:45:00 PM IST,16.3
23-Jun-24 5:00:00 PM IST,16.5
23-Jun-24 5:15:01 PM IST,16.6
23-Jun-24 5:30:00 PM IST,16.8
23-Jun-24 5:45:00 PM IST,17.0
23-Jun-24 6:00:01 PM IST,17.2
23-Jun-24 6:15:00 PM IST,17.4
23-Jun-24 6:30:00 PM IST,17.6
23-Jun-24 6:45:00 PM IST,17.8
23-Jun-24 7:00:00 PM IST,18.0
23-Jun-24 7:15:00 PM IST,18.1
23-Jun-24 7:30:01 PM IST,18.2
23-Jun-24 7:45:00 PM IST,18.3
23-Jun-24 8:00:00 PM IST,18.4
23-Jun-24 8:15:01 PM IST,18.4
23-Jun-24 8:30:00 PM IST,18.3
23-Jun-24 8:45:00 PM IST,18.3
23-Jun-24 9:00:00 PM IST,18.2
23-Jun-24 9:15:00 PM IST,18.2
23-Jun-24 9:30:00 PM IST,18.2
23-Jun-24 9:45:00 PM IST,18.1
23-Jun-24 10:00:00 PM IST,18.1
23-Jun-24 10:15:00 PM IST,18.1
23-Jun-24 10:30:00 PM IST,18.1
23-Jun-24 10:45:00 PM IST,18.1
23-Jun-24 11:00:00 PM IST,18.1
23-Jun-24 11:15:00 PM IST,18.1
23-Jun-24 11:30:00 PM IST,18.2
23-Jun-24 11:45:00 PM IST,18.2
24-Jun-24 12:00:00 AM IST,18.3
24-Jun-24 12:15:00 AM IST,18.3
24-Jun-24 12:30:00 AM IST,18.4
24-Jun-24 12:45:00 AM IST,18.5
24-Jun-24 1:00:00 AM IST,18.5
24-Jun-24 1:15:02 AM IST,18.6
24-Jun-24 1:30:01 AM IST,18.6
24-Jun-24 1:45:01 AM IST,18.7
24-Jun-24 2:00:00 AM IST,18.7
24-Jun-24 2:15:00 AM IST,18.8
24-Jun-24 2:30:00 AM IST,18.8
24-Jun-24 2:45:00 AM IST,18.9
24-Jun-24 3:00:00 AM IST,18.9
24-Jun-24 3:15:00 AM IST,19.0
24-Jun-24 3:30:00 AM IST,19.0
24-Jun-24 3:45:00 AM IST,19.1
24-Jun-24 4:00:00 AM IST,19.1
24-Jun-24 4:15:00 AM IST,19.2
24-Jun-24 4:30:00 AM IST,19.3
24-Jun-24 4:45:00 AM IST,19.3
24-Jun-24 5:00:00 AM IST,19.4
24-Jun-24 5:15:00 AM IST,19.5
24-Jun-24 5:30:00 AM IST,19.5
24-Jun-24 5:45:01 AM IST,19.6
24-Jun-24 6:00:00 AM IST,19.6
24-Jun-24 6:15:00 AM IST,19.7
24-Jun-24 6:30:00 AM IST,19.7
24-Jun-24 6:45:00 AM IST,19.8
24-Jun-24 7:00:00 AM IST,19.9
24-Jun-24 7:15:00 AM IST,19.9
24-Jun-24 7:30:00 AM IST,20.0
24-Jun-24 7:45:00 AM IST,13.1
24-Jun-24 8:00:00 AM IST,15.4
24-Jun-24 8:15:00 AM IST,13.7
24-Jun-24 8:30:00 AM IST,9.4
24-Jun-24 8:45:01 AM IST,10.4
24-Jun-24 9:00:00 AM IST,10.3
24-Jun-24 9:15:00 AM IST,10.0
24-Jun-24 9:30:01 AM IST,9.7
24-Jun-24 9:45:00 AM IST,9.5
24-Jun-24 10:00:00 AM IST,9.2
24-Jun-24 10:15:00 AM IST,10.1
24-Jun-24 10:30:00 AM IST,10.2
24-Jun-24 10:45:00 AM IST,12.0
24-Jun-24 11:00:00 AM IST,10.9
24-Jun-24 11:15:00 AM IST,10.9
24-Jun-24 11:30:00 AM IST,11.0
24-Jun-24 11:45:00 AM IST,10.9
24-Jun-24 12:00:01 PM IST,10.9
24-Jun-24 12:15:00 PM IST,10.9
24-Jun-24 12:30:01 PM IST,10.9
24-Jun-24 12:45:00 PM IST,10.8
24-Jun-24 1:00:00 PM IST,10.9
24-Jun-24 1:15:00 PM IST,10.9
24-Jun-24 1:30:01 PM IST,10.9
24-Jun-24 1:45:01 PM IST,10.8
24-Jun-24 2:00:01 PM IST,10.8
24-Jun-24 2:15:00 PM IST,10.9
24-Jun-24 2:30:00 PM IST,10.8
24-Jun-24 2:45:00 PM IST,10.8
24-Jun-24 3:00:00 PM IST,11.2
24-Jun-24 3:15:00 PM IST,11.3
24-Jun-24 3:30:00 PM IST,11.4
24-Jun-24 3:45:00 PM IST,11.5
24-Jun-24 4:00:00 PM IST,11.5
24-Jun-24 4:15:00 PM IST,11.6
24-Jun-24 4:30:02 PM IST,11.6
24-Jun-24 4:45:01 PM IST,11.7
24-Jun-24 5:00:00 PM IST,11.7
24-Jun-24 5:15:00 PM IST,11.8
24-Jun-24 5:30:00 PM IST,11.1
24-Jun-24 5:45:00 PM IST,10.8
24-Jun-24 6:00:00 PM IST,10.2
24-Jun-24 6:15:00 PM IST,15.2
24-Jun-24 6:30:00 PM IST,22.3
24-Jun-24 6:45:00 PM IST,24.5
24-Jun-24 7:00:00 PM IST,23.1
24-Jun-24 7:15:00 PM IST,22.0
24-Jun-24 7:30:00 PM IST,21.6
24-Jun-24 7:45:00 PM IST,21.6
24-Jun-24 8:00:00 PM IST,22.0
24-Jun-24 8:15:00 PM IST,22.2
24-Jun-24 8:30:00 PM IST,21.0
24-Jun-24 8:45:00 PM IST,19.3
24-Jun-24 9:00:00 PM IST,18.3
24-Jun-24 9:15:01 PM IST,17.6
24-Jun-24 9:30:00 PM IST,17.2
24-Jun-24 9:45:00 PM IST,16.9
24-Jun-24 10:00:00 PM IST,16.7
24-Jun-24 10:15:00 PM IST,16.5
24-Jun-24 10:30:00 PM IST,16.5
24-Jun-24 10:45:00 PM IST,16.4
24-Jun-24 11:00:01 PM IST,16.4
24-Jun-24 11:15:00 PM IST,16.3
24-Jun-24 11:30:00 PM IST,16.3
24-Jun-24 11:45:00 PM IST,16.3
25-Jun-24 12:00:00 AM IST,16.4
25-Jun-24 12:15:00 AM IST,16.4
25-Jun-24 12:30:00 AM IST,16.5
25-Jun-24 12:45:00 AM IST,16.6
25-Jun-24 1:00:00 AM IST,16.6
25-Jun-24 1:15:00 AM IST,16.7
25-Jun-24 1:30:00 AM IST,16.8
25-Jun-24 1:45:00 AM IST,16.8
25-Jun-24 2:00:00 AM IST,16.9
25-Jun-24 2:15:00 AM IST,17.0
25-Jun-24 2:30:00 AM IST,17.0
25-Jun-24 2:45:01 AM IST,17.1
25-Jun-24 3:00:00 AM IST,17.2
25-Jun-24 3:15:00 AM IST,17.3
25-Jun-24 3:30:01 AM IST,17.3
25-Jun-24 3:45:00 AM IST,17.4
25-Jun-24 4:00:00 AM IST,17.5
25-Jun-24 4:15:00 AM IST,17.6
25-Jun-24 4:30:00 AM IST,17.6
25-Jun-24 4:45:00 AM IST,17.7
25-Jun-24 5:00:00 AM IST,17.8
25-Jun-24 5:15:00 AM IST,17.8
25-Jun-24 5:30:00 AM IST,17.9
25-Jun-24 5:45:00 AM IST,18.0
25-Jun-24 6:00:01 AM IST,18.0
25-Jun-24 6:15:01 AM IST,18.0
25-Jun-24 6:30:01 AM IST,18.0
25-Jun-24 6:45:00 AM IST,18.1
25-Jun-24 7:00:00 AM IST,18.1
25-Jun-24 7:15:00 AM IST,18.1
25-Jun-24 7:30:00 AM IST,18.1
25-Jun-24 7:45:00 AM IST,13.0
25-Jun-24 8:00:00 AM IST,14.0
25-Jun-24 8:15:00 AM IST,12.5
25-Jun-24 8:30:01 AM IST,7.7
25-Jun-24 8:45:00 AM IST,9.9
25-Jun-24 9:00:00 AM IST,9.7
25-Jun-24 9:15:00 AM IST,9.6
25-Jun-24 9:30:00 AM IST,9.2
25-Jun-24 9:45:01 AM IST,9.3
25-Jun-24 10:00:00 AM IST,9.5
25-Jun-24 10:15:00 AM IST,9.8
25-Jun-24 10:30:00 AM IST,10.2
25-Jun-24 10:45:00 AM IST,10.3
25-Jun-24 11:00:01 AM IST,10.6
25-Jun-24 11:15:00 AM IST,10.7
25-Jun-24 11:30:01 AM IST,10.7
25-Jun-24 11:45:00 AM IST,10.8
25-Jun-24 12:00:00 PM IST,10.9
25-Jun-24 12:15:00 PM IST,10.9
25-Jun-24 12:30:00 PM IST,11.1
25-Jun-24 12:45:00 PM IST,11.8
25-Jun-24 1:00:00 PM IST,11.9
25-Jun-24 1:15:00 PM IST,12.0
25-Jun-24 1:30:00 PM IST,12.0
25-Jun-24 1:45:00 PM IST,12.0
25-Jun-24 2:00:00 PM IST,12.6
25-Jun-24 2:15:00 PM IST,12.5
25-Jun-24 2:30:01 PM IST,12.4
25-Jun-24 2:45:00 PM IST,12.4
25-Jun-24 3:00:00 PM IST,12.3
25-Jun-24 3:15:00 PM IST,12.3
25-Jun-24 3:30:00 PM IST,12.3
25-Jun-24 3:45:00 PM IST,12.3
25-Jun-24 4:00:00 PM IST,12.3
25-Jun-24 4:15:00 PM IST,12.3
25-Jun-24 4:30:00 PM IST,12.9
25-Jun-24 4:45:00 PM IST,12.9
25-Jun-24 5:00:00 PM IST,12.8
25-Jun-24 5:15:01 PM IST,12.5
25-Jun-24 5:30:00 PM IST,12.4
25-Jun-24 5:45:00 PM IST,12.3
25-Jun-24 6:00:00 PM IST,11.8
25-Jun-24 6:15:00 PM IST,18.2
25-Jun-24 6:30:00 PM IST,22.7
25-Jun-24 6:45:00 PM IST,24.4
25-Jun-24 7:00:00 PM IST,24.9
25-Jun-24 7:15:00 PM IST,24.7
25-Jun-24 7:30:01 PM IST,23.5
25-Jun-24 7:45:00 PM IST,22.9
25-Jun-24 8:00:00 PM IST,22.6
25-Jun-24 8:15:01 PM IST,22.5
25-Jun-24 8:30:00 PM IST,22.5
25-Jun-24 8:45:00 PM IST,22.5
25-Jun-24 9:00:01 PM IST,22.6
25-Jun-24 9:15:00 PM IST,22.7
25-Jun-24 9:30:00 PM IST,22.8
25-Jun-24 9:45:00 PM IST,23.0
25-Jun-24 10:00:00 PM IST,23.0
25-Jun-24 10:15:00 PM IST,22.6
25-Jun-24 10:30:01 PM IST,21.7
25-Jun-24 10:45:00 PM IST,20.6
25-Jun-24 11:00:00 PM IST,19.5
25-Jun-24 11:15:00 PM IST,18.9
25-Jun-24 11:30:00 PM IST,18.4
25-Jun-24 11:45:01 PM IST,18.1
26-Jun-24 12:00:00 AM IST,18.0
26-Jun-24 12:15:00 AM IST,17.9
26-Jun-24 12:30:00 AM IST,18.0
26-Jun-24 12:45:00 AM IST,18.0
26-Jun-24 1:00:00 AM IST,18.1
26-Jun-24 1:15:00 AM IST,18.3
26-Jun-24 1:30:00 AM IST,18.4
26-Jun-24 1:45:00 AM IST,18.5
26-Jun-24 2:00:00 AM IST,18.6
26-Jun-24 2:15:00 AM IST,18.7
26-Jun-24 2:30:00 AM IST,18.8
26-Jun-24 2:45:01 AM IST,18.9
26-Jun-24 3:00:00 AM IST,19.0
26-Jun-24 3:15:00 AM IST,19.0
26-Jun-24 3:30:00 AM IST,19.1
26-Jun-24 3:45:00 AM IST,19.1
26-Jun-24 4:00:00 AM IST,19.2
26-Jun-24 4:15:00 AM IST,19.2
26-Jun-24 4:30:00 AM IST,19.2
26-Jun-24 4:45:00 AM IST,19.2
26-Jun-24 5:00:00 AM IST,19.3
26-Jun-24 5:15:00 AM IST,19.4
26-Jun-24 5:30:01 AM IST,19.5
26-Jun-24 5:45:00 AM IST,19.6
26-Jun-24 6:00:00 AM IST,19.7
26-Jun-24 6:15:00 AM IST,19.8
26-Jun-24 6:30:00 AM IST,19.9
26-Jun-24 6:45:00 AM IST,20.0
26-Jun-24 7:00:01 AM IST,20.2
26-Jun-24 7:15:00 AM IST,20.3
26-Jun-24 7:30:00 AM IST,20.4
26-Jun-24 7:45:00 AM IST,13.4
26-Jun-24 8:00:00 AM IST,14.5
26-Jun-24 8:15:00 AM IST,12.7
26-Jun-24 8:30:01 AM IST,8.5
26-Jun-24 8:45:00 AM IST,9.5
26-Jun-24 9:00:00 AM IST,9.1
26-Jun-24 9:15:00 AM IST,9.1
26-Jun-24 9:30:00 AM IST,9.3
26-Jun-24 9:45:00 AM IST,9.6
26-Jun-24 10:00:00 AM IST,9.7
26-Jun-24 10:15:01 AM IST,10.2
26-Jun-24 10:30:01 AM IST,10.5
26-Jun-24 10:45:01 AM IST,10.7
26-Jun-24 11:00:00 AM IST,10.8
26-Jun-24 11:15:00 AM IST,11.1
26-Jun-24 11:30:01 AM IST,11.3
26-Jun-24 11:45:00 AM IST,11.4
26-Jun-24 12:00:01 PM IST,11.4
26-Jun-24 12:15:00 PM IST,11.6
26-Jun-24 12:30:00 PM IST,11.7
26-Jun-24 12:45:00 PM IST,11.8
26-Jun-24 1:00:00 PM IST,11.9
26-Jun-24 1:15:01 PM IST,12.0
26-Jun-24 1:30:00 PM IST,11.9
26-Jun-24 1:45:00 PM IST,11.8
26-Jun-24 2:00:00 PM IST,11.7
26-Jun-24 2:15:00 PM IST,11.6
26-Jun-24 2:30:00 PM IST,11.5
26-Jun-24 2:45:00 PM IST,11.8
26-Jun-24 3:00:00 PM IST,11.8
26-Jun-24 3:15:00 PM IST,11.8
26-Jun-24 3:30:00 PM IST,11.9
26-Jun-24 3:45:00 PM IST,11.9
26-Jun-24 4:00:00 PM IST,11.9
26-Jun-24 4:15:02 PM IST,11.9
26-Jun-24 4:30:00 PM IST,11.9
26-Jun-24 4:45:00 PM IST,11.9
26-Jun-24 5:00:00 PM IST,11.9
26-Jun-24 5:15:00 PM IST,11.9
26-Jun-24 5:30:00 PM IST,11.8
26-Jun-24 5:45:00 PM IST,11.4
26-Jun-24 6:00:01 PM IST,11.0
26-Jun-24 6:15:00 PM IST,17.1
26-Jun-24 6:30:00 PM IST,23.1
26-Jun-24 6:45:00 PM IST,24.8
26-Jun-24 7:00:00 PM IST,25.0
26-Jun-24 7:15:01 PM IST,25.2
26-Jun-24 7:30:00 PM IST,25.4
26-Jun-24 7:45:00 PM IST,24.6
26-Jun-24 8:00:00 PM IST,23.8
26-Jun-24 8:15:00 PM IST,23.7
26-Jun-24 8:30:00 PM IST,24.2
26-Jun-24 8:45:00 PM IST,24.2
26-Jun-24 9:00:01 PM IST,23.0
26-Jun-24 9:15:00 PM IST,22.0
26-Jun-24 9:30:00 PM IST,21.4
26-Jun-24 9:45:00 PM IST,21.2
26-Jun-24 10:00:00 PM IST,21.0
26-Jun-24 10:15:00 PM IST,21.0
26-Jun-24 10:30:00 PM IST,20.9
26-Jun-24 10:45:00 PM IST,20.9
26-Jun-24 11:00:00 PM IST,20.9
26-Jun-24 11:15:00 PM IST,20.9
26-Jun-24 11:30:00 PM IST,20.9
26-Jun-24 11:45:00 PM IST,20.9
27-Jun-24 12:00:00 AM IST,20.9
27-Jun-24 12:15:00 AM IST,20.9
27-Jun-24 12:30:00 AM IST,20.9
27-Jun-24 12:45:00 AM IST,20.8
27-Jun-24 1:00:00 AM IST,20.8
27-Jun-24 1:15:00 AM IST,20.8
27-Jun-24 1:30:00 AM IST,20.8
27-Jun-24 1:45:00 AM IST,20.8
27-Jun-24 2:00:01 AM IST,20.8
27-Jun-24 2:15:00 AM IST,20.8
27-Jun-24 2:30:00 AM IST,20.9
27-Jun-24 2:45:00 AM IST,20.9
27-Jun-24 3:00:00 AM IST,20.9
27-Jun-24 3:15:00 AM IST,20.9
27-Jun-24 3:30:01 AM IST,20.9
27-Jun-24 3:45:00 AM IST,20.9
27-Jun-24 4:00:00 AM IST,21.0
27-Jun-24 4:15:00 AM IST,21.0
27-Jun-24 4:30:00 AM IST,21.1
27-Jun-24 4:45:00 AM IST,21.1
27-Jun-24 5:00:00 AM IST,21.2
27-Jun-24 5:15:01 AM IST,21.2
27-Jun-24 5:30:00 AM IST,21.3
27-Jun-24 5:45:00 AM IST,21.3
27-Jun-24 6:00:00 AM IST,21.4
27-Jun-24 6:15:00 AM IST,21.4
27-Jun-24 6:30:00 AM IST,21.4
27-Jun-24 6:45:00 AM IST,21.4
27-Jun-24 7:00:00 AM IST,21.4
27-Jun-24 7:15:00 AM IST,21.4
27-Jun-24 7:30:00 AM IST,21.5
27-Jun-24 7:45:00 AM IST,14.1
27-Jun-24 8:00:01 AM IST,12.2
27-Jun-24 8:15:00 AM IST,8.5
27-Jun-24 8:30:00 AM IST,9.0
27-Jun-24 8:45:01 AM IST,8.2
27-Jun-24 9:00:01 AM IST,7.8
27-Jun-24 9:15:00 AM IST,7.9
27-Jun-24 9:30:00 AM IST,8.1
27-Jun-24 9:45:00 AM IST,8.7
27-Jun-24 10:00:00 AM IST,9.0
27-Jun-24 10:15:00 AM IST,9.5
27-Jun-24 10:30:00 AM IST,9.8
27-Jun-24 10:45:00 AM IST,10.1
27-Jun-24 11:00:01 AM IST,10.4
27-Jun-24 11:15:00 AM IST,10.5
27-Jun-24 11:30:00 AM IST,10.6
27-Jun-24 11:45:00 AM IST,10.7
27-Jun-24 12:00:00 PM IST,10.7
27-Jun-24 12:15:00 PM IST,11.0
27-Jun-24 12:30:00 PM IST,11.1
27-Jun-24 12:45:00 PM IST,11.2
27-Jun-24 1:00:00 PM IST,11.3
27-Jun-24 1:15:00 PM IST,11.4
27-Jun-24 1:30:00 PM IST,11.4
27-Jun-24 1:45:01 PM IST,11.5
27-Jun-24 2:00:00 PM IST,11.5
27-Jun-24 2:15:03 PM IST,11.5
27-Jun-24 2:30:01 PM IST,11.6
27-Jun-24 2:45:00 PM IST,11.6
27-Jun-24 3:00:00 PM IST,11.6
27-Jun-24 3:15:00 PM IST,11.7
27-Jun-24 3:30:01 PM IST,11.6
27-Jun-24 3:45:00 PM IST,11.9
27-Jun-24 4:00:00 PM IST,11.9
27-Jun-24 4:15:00 PM IST,11.9
27-Jun-24 4:30:00 PM IST,11.8
27-Jun-24 4:45:00 PM IST,11.9
27-Jun-24 5:00:00 PM IST,11.9
27-Jun-24 5:15:00 PM IST,11.9
27-Jun-24 5:30:00 PM IST,11.7
27-Jun-24 5:45:00 PM IST,12.1
27-Jun-24 6:00:00 PM IST,11.7
27-Jun-24 6:15:00 PM IST,14.7
27-Jun-24 6:30:00 PM IST,21.7
27-Jun-24 6:45:01 PM IST,24.6
27-Jun-24 7:00:00 PM IST,24.9
27-Jun-24 7:15:00 PM IST,25.1
27-Jun-24 7:30:00 PM IST,25.1
27-Jun-24 7:45:00 PM IST,24.8
27-Jun-24 8:00:01 PM IST,23.2
27-Jun-24 8:15:00 PM IST,21.9
27-Jun-24 8:30:00 PM IST,20.8
27-Jun-24 8:45:00 PM IST,19.6
27-Jun-24 9:00:00 PM IST,18.5
27-Jun-24 9:15:00 PM IST,17.7
27-Jun-24 9:30:00 PM IST,17.0
27-Jun-24 9:45:01 PM IST,16.1
27-Jun-24 10:00:00 PM IST,15.2
27-Jun-24 10:15:00 PM IST,14.6
27-Jun-24 10:30:00 PM IST,14.2
27-Jun-24 10:45:00 PM IST,14.0
27-Jun-24 11:00:00 PM IST,14.0
27-Jun-24 11:15:00 PM IST,14.0
27-Jun-24 11:30:00 PM IST,14.1
27-Jun-24 11:45:00 PM IST,14.1
28-Jun-24 12:00:00 AM IST,14.2
28-Jun-24 12:15:00 AM IST,14.3
28-Jun-24 12:30:00 AM IST,14.4
28-Jun-24 12:45:00 AM IST,14.5
28-Jun-24 1:00:00 AM IST,14.6
28-Jun-24 1:15:00 AM IST,14.8
28-Jun-24 1:30:00 AM IST,14.9
28-Jun-24 1:45:00 AM IST,15.1
28-Jun-24 2:00:00 AM IST,15.4
28-Jun-24 2:15:00 AM IST,15.7
28-Jun-24 2:30:01 AM IST,16.1
28-Jun-24 2:45:00 AM IST,16.6
28-Jun-24 3:00:00 AM IST,17.0
28-Jun-24 3:15:00 AM IST,17.6
28-Jun-24 3:30:00 AM IST,18.2
28-Jun-24 3:45:00 AM IST,18.8
28-Jun-24 4:00:00 AM IST,19.1
28-Jun-24 4:15:00 AM IST,19.3
28-Jun-24 4:30:00 AM IST,19.5
28-Jun-24 4:45:00 AM IST,19.6
28-Jun-24 5:00:00 AM IST,19.7
28-Jun-24 5:15:00 AM IST,19.8
28-Jun-24 5:30:02 AM IST,19.9
28-Jun-24 5:45:01 AM IST,20.0
28-Jun-24 6:00:00 AM IST,20.1
28-Jun-24 6:15:01 AM IST,20.1
28-Jun-24 6:30:00 AM IST,20.2
28-Jun-24 6:45:00 AM IST,20.3
28-Jun-24 7:00:00 AM IST,20.4
28-Jun-24 7:15:00 AM IST,20.5
28-Jun-24 7:30:00 AM IST,20.5
28-Jun-24 7:45:00 AM IST,14.2
28-Jun-24 8:00:00 AM IST,14.4
28-Jun-24 8:15:01 AM IST,13.7
28-Jun-24 8:30:00 AM IST,8.7
28-Jun-24 8:45:00 AM IST,9.2
28-Jun-24 9:00:00 AM IST,10.7
28-Jun-24 9:15:00 AM IST,9.2
28-Jun-24 9:30:00 AM IST,9.6
28-Jun-24 9:45:00 AM IST,9.8
28-Jun-24 10:00:00 AM IST,10.0
28-Jun-24 10:15:00 AM IST,10.5
28-Jun-24 10:30:01 AM IST,10.5
28-Jun-24 10:45:00 AM IST,10.6
28-Jun-24 11:00:00 AM IST,10.5
28-Jun-24 11:15:00 AM IST,10.7
28-Jun-24 11:30:01 AM IST,10.8
28-Jun-24 11:45:01 AM IST,10.9
28-Jun-24 12:00:00 PM IST,10.8
28-Jun-24 12:15:00 PM IST,11.0
28-Jun-24 12:30:00 PM IST,11.0
28-Jun-24 12:45:00 PM IST,11.2
28-Jun-24 1:00:01 PM IST,11.0
28-Jun-24 1:15:00 PM IST,11.0
28-Jun-24 1:30:00 PM IST,10.9
28-Jun-24 1:45:00 PM IST,10.8
28-Jun-24 2:00:00 PM IST,10.7
28-Jun-24 2:15:00 PM IST,10.7
28-Jun-24 2:30:00 PM IST,10.7
28-Jun-24 2:45:00 PM IST,10.9
28-Jun-24 3:00:00 PM IST,10.9
28-Jun-24 3:15:00 PM IST,11.1
28-Jun-24 3:30:00 PM IST,11.1
28-Jun-24 3:45:00 PM IST,11.0
28-Jun-24 4:00:00 PM IST,11.0
28-Jun-24 4:15:01 PM IST,11.1
28-Jun-24 4:30:00 PM IST,11.1
28-Jun-24 4:45:01 PM IST,11.1
28-Jun-24 5:00:00 PM IST,11.0
28-Jun-24 5:15:00 PM IST,11.2
28-Jun-24 5:30:00 PM IST,11.1
28-Jun-24 5:45:01 PM IST,11.3
28-Jun-24 6:00:00 PM IST,11.6
28-Jun-24 6:15:00 PM IST,11.9
28-Jun-24 6:30:00 PM IST,12.1
28-Jun-24 6:45:00 PM IST,12.3
28-Jun-24 7:00:00 PM IST,12.5
28-Jun-24 7:15:00 PM IST,12.7
28-Jun-24 7:30:00 PM IST,13.4
28-Jun-24 7:45:01 PM IST,14.2
28-Jun-24 8:00:00 PM IST,15.0
28-Jun-24 8:15:00 PM IST,15.8
28-Jun-24 8:30:00 PM IST,16.5
28-Jun-24 8:45:00 PM IST,17.0
28-Jun-24 9:00:01 PM IST,17.4
28-Jun-24 9:15:00 PM IST,17.7
28-Jun-24 9:30:00 PM IST,18.0
28-Jun-24 9:45:00 PM IST,18.2
28-Jun-24 10:00:00 PM IST,18.4
28-Jun-24 10:15:00 PM IST,18.6
28-Jun-24 10:30:00 PM IST,18.8
28-Jun-24 10:45:00 PM IST,19.0
28-Jun-24 11:00:00 PM IST,19.1
28-Jun-24 11:15:00 PM IST,19.3
28-Jun-24 11:30:00 PM IST,19.5
28-Jun-24 11:45:00 PM IST,19.6
29-Jun-24 12:00:00 AM IST,19.8
29-Jun-24 12:15:01 AM IST,19.9
29-Jun-24 12:30:00 AM IST,20.0
29-Jun-24 12:45:00 AM IST,20.1
29-Jun-24 1:00:00 AM IST,20.3
29-Jun-24 1:15:00 AM IST,20.4
29-Jun-24 1:30:00 AM IST,20.5
29-Jun-24 1:45:00 AM IST,20.7
29-Jun-24 2:00:00 AM IST,20.8
29-Jun-24 2:15:01 AM IST,20.9
29-Jun-24 2:30:00 AM IST,21.1
29-Jun-24 2:45:00 AM IST,21.2
29-Jun-24 3:00:00 AM IST,21.3
29-Jun-24 3:15:01 AM IST,21.4
29-Jun-24 3:30:00 AM IST,21.5
29-Jun-24 3:45:00 AM IST,21.6
29-Jun-24 4:00:00 AM IST,21.7
29-Jun-24 4:15:00 AM IST,21.8
29-Jun-24 4:30:00 AM IST,21.9
29-Jun-24 4:45:00 AM IST,22.0
29-Jun-24 5:00:00 AM IST,22.2
29-Jun-24 5:15:00 AM IST,22.4
29-Jun-24 5:30:00 AM IST,22.6
29-Jun-24 5:45:00 AM IST,22.9
29-Jun-24 6:00:00 AM IST,23.2
29-Jun-24 6:15:01 AM IST,23.6
29-Jun-24 6:30:00 AM IST,24.1
29-Jun-24 6:45:01 AM IST,24.5
29-Jun-24 7:00:01 AM IST,24.7
29-Jun-24 7:15:00 AM IST,24.9
29-Jun-24 7:30:00 AM IST,25.0
29-Jun-24 7:45:00 AM IST,24.9
29-Jun-24 8:00:00 AM IST,24.8
29-Jun-24 8:15:00 AM IST,24.7
29-Jun-24 8:30:00 AM IST,24.6
29-Jun-24 8:45:00 AM IST,24.5
29-Jun-24 9:00:00 AM IST,24.4
29-Jun-24 9:15:00 AM IST,25.3
29-Jun-24 9:30:00 AM IST,25.8
29-Jun-24 9:45:00 AM IST,26.0
29-Jun-24 10:00:00 AM IST,25.9
29-Jun-24 10:15:00 AM IST,25.8
29-Jun-24 10:30:00 AM IST,25.6
29-Jun-24 10:45:00 AM IST,25.3
29-Jun-24 11:00:00 AM IST,25.1
29-Jun-24 11:15:00 AM IST,24.9
29-Jun-24 11:30:00 AM IST,24.8
29-Jun-24 11:45:01 AM IST,24.7
29-Jun-24 12:00:00 PM IST,24.7
29-Jun-24 12:15:00 PM IST,24.7
29-Jun-24 12:30:00 PM IST,24.7
29-Jun-24 12:45:00 PM IST,24.7
29-Jun-24 1:00:00 PM IST,24.8
29-Jun-24 1:15:00 PM IST,24.9
29-Jun-24 1:30:00 PM IST,25.2
29-Jun-24 1:45:00 PM IST,25.3
29-Jun-24 2:00:00 PM IST,27.5
29-Jun-24 2:15:00 PM IST,27.6
29-Jun-24 2:30:00 PM IST,27.9
29-Jun-24 2:45:00 PM IST,28.0
29-Jun-24 3:00:00 PM IST,28.0
29-Jun-24 3:15:00 PM IST,28.0
29-Jun-24 3:30:00 PM IST,28.0
29-Jun-24 3:45:00 PM IST,28.0
29-Jun-24 4:00:00 PM IST,28.0
29-Jun-24 4:15:00 PM IST,28.0
29-Jun-24 4:30:00 PM IST,28.0
29-Jun-24 4:45:00 PM IST,28.0
29-Jun-24 5:00:00 PM IST,28.0
29-Jun-24 5:15:00 PM IST,28.0
29-Jun-24 5:30:00 PM IST,28.0
29-Jun-24 5:45:00 PM IST,28.0
29-Jun-24 6:00:00 PM IST,28.0
29-Jun-24 6:15:00 PM IST,27.9
29-Jun-24 6:30:00 PM IST,27.9
29-Jun-24 6:45:00 PM IST,27.9
29-Jun-24 7:00:00 PM IST,27.9
29-Jun-24 7:15:00 PM IST,27.9
29-Jun-24 7:30:01 PM IST,27.8
29-Jun-24 7:45:00 PM IST,27.8
29-Jun-24 8:00:00 PM IST,27.8
29-Jun-24 8:15:01 PM IST,27.8
29-Jun-24 8:30:00 PM IST,27.7
29-Jun-24 8:45:00 PM IST,27.7
29-Jun-24 9:00:00 PM IST,27.7
29-Jun-24 9:15:00 PM IST,27.7
29-Jun-24 9:30:00 PM IST,27.7
29-Jun-24 9:45:00 PM IST,27.6
29-Jun-24 10:00:00 PM IST,27.6
29-Jun-24 10:15:00 PM IST,27.6
29-Jun-24 10:30:00 PM IST,27.6
29-Jun-24 10:45:00 PM IST,27.5
29-Jun-24 11:00:00 PM IST,27.5
29-Jun-24 11:15:00 PM IST,27.5
29-Jun-24 11:30:00 PM IST,27.5
29-Jun-24 11:45:00 PM IST,27.5
30-Jun-24 12:00:00 AM IST,27.5
30-Jun-24 12:15:01 AM IST,27.5
30-Jun-24 12:30:00 AM IST,27.5
30-Jun-24 12:45:00 AM IST,27.5
30-Jun-24 1:00:00 AM IST,27.5
30-Jun-24 1:15:00 AM IST,27.4
30-Jun-24 1:30:00 AM IST,27.4
30-Jun-24 1:45:00 AM IST,27.4
30-Jun-24 2:00:00 AM IST,27.4
30-Jun-24 2:15:00 AM IST,27.4
30-Jun-24 2:30:00 AM IST,27.4
30-Jun-24 2:45:00 AM IST,27.4
30-Jun-24 3:00:00 AM IST,27.4
30-Jun-24 3:15:00 AM IST,27.4
30-Jun-24 3:30:00 AM IST,27.4
30-Jun-24 3:45:00 AM IST,27.4
30-Jun-24 4:00:01 AM IST,27.4
30-Jun-24 4:15:01 AM IST,27.4
30-Jun-24 4:30:00 AM IST,27.4
30-Jun-24 4:45:00 AM IST,27.4
30-Jun-24 5:00:00 AM IST,27.4
30-Jun-24 5:15:00 AM IST,27.3
30-Jun-24 5:30:00 AM IST,27.3
30-Jun-24 5:45:00 AM IST,27.3
30-Jun-24 6:00:00 AM IST,27.3
30-Jun-24 6:15:00 AM IST,27.3
30-Jun-24 6:30:00 AM IST,27.3
30-Jun-24 6:45:00 AM IST,27.3
30-Jun-24 7:00:00 AM IST,27.3
30-Jun-24 7:15:00 AM IST,27.3
30-Jun-24 7:30:00 AM IST,27.3
30-Jun-24 7:45:01 AM IST,27.3
30-Jun-24 8:00:00 AM IST,27.3
30-Jun-24 8:15:00 AM IST,27.3
30-Jun-24 8:30:00 AM IST,27.3
30-Jun-24 8:45:01 AM IST,27.3
30-Jun-24 9:00:00 AM IST,27.3
30-Jun-24 9:15:01 AM IST,27.3
30-Jun-24 9:30:00 AM IST,27.3
30-Jun-24 9:45:00 AM IST,27.3
30-Jun-24 10:00:01 AM IST,27.3
30-Jun-24 10:15:01 AM IST,27.3
30-Jun-24 10:30:00 AM IST,27.3
30-Jun-24 10:45:00 AM IST,27.3
30-Jun-24 11:00:00 AM IST,27.3
30-Jun-24 11:15:00 AM IST,27.3
30-Jun-24 11:30:00 AM IST,27.3
30-Jun-24 11:45:00 AM IST,27.3
30-Jun-24 12:00:01 PM IST,27.3
30-Jun-24 12:15:01 PM IST,27.3
30-Jun-24 12:30:00 PM IST,27.3
30-Jun-24 12:45:00 PM IST,27.3
30-Jun-24 1:00:00 PM IST,27.3
30-Jun-24 1:15:01 PM IST,27.3
30-Jun-24 1:30:00 PM IST,27.3
30-Jun-24 1:45:00 PM IST,27.3
30-Jun-24 2:00:00 PM IST,27.3
30-Jun-24 2:15:00 PM IST,27.3
30-Jun-24 2:30:00 PM IST,27.3
30-Jun-24 2:45:01 PM IST,27.3
30-Jun-24 3:00:00 PM IST,27.3
30-Jun-24 3:15:00 PM IST,27.3
30-Jun-24 3:30:00 PM IST,27.3
30-Jun-24 3:45:00 PM IST,27.3
30-Jun-24 4:00:00 PM IST,27.3
30-Jun-24 4:15:00 PM IST,27.3
30-Jun-24 4:30:00 PM IST,27.3
30-Jun-24 4:45:00 PM IST,27.3
30-Jun-24 5:00:00 PM IST,27.3
30-Jun-24 5:15:00 PM IST,27.3
30-Jun-24 5:30:00 PM IST,27.3
30-Jun-24 5:45:01 PM IST,27.3
30-Jun-24 6:00:00 PM IST,27.3
30-Jun-24 6:15:00 PM IST,27.3
30-Jun-24 6:30:00 PM IST,27.3
30-Jun-24 6:45:00 PM IST,27.7
30-Jun-24 7:00:00 PM IST,27.6
30-Jun-24 7:15:00 PM IST,27.1
30-Jun-24 7:30:00 PM IST,27.4
30-Jun-24 7:45:00 PM IST,27.6
30-Jun-24 8:00:00 PM IST,27.8
30-Jun-24 8:15:00 PM IST,27.8
30-Jun-24 8:30:00 PM IST,27.8
30-Jun-24 8:45:00 PM IST,28.3
30-Jun-24 9:00:00 PM IST,28.4
30-Jun-24 9:15:00 PM IST,27.9
30-Jun-24 9:30:00 PM IST,27.8
30-Jun-24 9:45:00 PM IST,27.7
30-Jun-24 10:00:00 PM IST,27.7
30-Jun-24 10:15:00 PM IST,27.6
30-Jun-24 10:30:00 PM IST,27.6
30-Jun-24 10:45:00 PM IST,27.6
30-Jun-24 11:00:00 PM IST,27.6
30-Jun-24 11:15:00 PM IST,27.6
30-Jun-24 11:30:00 PM IST,27.6
30-Jun-24 11:45:00 PM IST,27.6
01-Jul-24 12:00:00 AM IST,27.7
01-Jul-24 12:15:00 AM IST,27.7
01-Jul-24 12:30:00 AM IST,27.7
01-Jul-24 12:45:00 AM IST,27.6
01-Jul-24 1:00:00 AM IST,27.6
01-Jul-24 1:15:00 AM IST,27.6
01-Jul-24 1:30:00 AM IST,27.6
01-Jul-24 1:45:00 AM IST,27.6
01-Jul-24 2:00:00 AM IST,27.6
01-Jul-24 2:15:00 AM IST,27.6
01-Jul-24 2:30:00 AM IST,27.6
01-Jul-24 2:45:00 AM IST,27.6
01-Jul-24 3:00:00 AM IST,27.6
01-Jul-24 3:15:02 AM IST,27.6
01-Jul-24 3:30:01 AM IST,27.6
01-Jul-24 3:45:00 AM IST,27.6
01-Jul-24 4:00:00 AM IST,27.6
01-Jul-24 4:15:01 AM IST,27.6
01-Jul-24 4:30:00 AM IST,27.6
01-Jul-24 4:45:00 AM IST,27.6
01-Jul-24 5:00:00 AM IST,27.6
01-Jul-24 5:15:00 AM IST,27.6
01-Jul-24 5:30:00 AM IST,27.7
01-Jul-24 5:45:00 AM IST,27.6
01-Jul-24 6:00:00 AM IST,27.6
01-Jul-24 6:15:00 AM IST,27.7
01-Jul-24 6:30:00 AM IST,27.7
01-Jul-24 6:45:00 AM IST,27.7
01-Jul-24 7:00:00 AM IST,27.7
01-Jul-24 7:15:00 AM IST,27.7
01-Jul-24 7:30:00 AM IST,27.7
01-Jul-24 7:45:00 AM IST,17.0
01-Jul-24 8:00:01 AM IST,14.4
01-Jul-24 8:15:00 AM IST,15.2
01-Jul-24 8:30:00 AM IST,16.1
01-Jul-24 8:45:00 AM IST,26.1
01-Jul-24 9:00:00 AM IST,24.5
01-Jul-24 9:15:00 AM IST,15.1
01-Jul-24 9:30:00 AM IST,14.8
01-Jul-24 9:45:01 AM IST,13.8
01-Jul-24 10:00:00 AM IST,14.2
01-Jul-24 10:15:00 AM IST,13.9
01-Jul-24 10:30:00 AM IST,13.5
01-Jul-24 10:45:00 AM IST,13.1
01-Jul-24 11:00:01 AM IST,13.0
01-Jul-24 11:15:00 AM IST,12.9
01-Jul-24 11:30:01 AM IST,12.8
01-Jul-24 11:45:00 AM IST,12.7
01-Jul-24 12:00:00 PM IST,12.6
01-Jul-24 12:15:00 PM IST,12.6
01-Jul-24 12:30:00 PM IST,12.8
01-Jul-24 12:45:00 PM IST,12.4
01-Jul-24 1:00:01 PM IST,12.0
01-Jul-24 1:15:00 PM IST,11.0
01-Jul-24 1:30:00 PM IST,11.0
01-Jul-24 1:45:00 PM IST,10.9
01-Jul-24 2:00:00 PM IST,10.6
01-Jul-24 2:15:00 PM IST,10.7
01-Jul-24 2:30:00 PM IST,10.4
01-Jul-24 2:45:00 PM IST,10.4
01-Jul-24 3:00:00 PM IST,10.4
01-Jul-24 3:15:00 PM IST,10.2
01-Jul-24 3:30:00 PM IST,10.0
01-Jul-24 3:45:00 PM IST,10.2
01-Jul-24 4:00:00 PM IST,10.5
01-Jul-24 4:15:00 PM IST,10.5
01-Jul-24 4:30:01 PM IST,10.6
01-Jul-24 4:45:00 PM IST,10.4
01-Jul-24 5:00:00 PM IST,10.5
01-Jul-24 5:15:00 PM IST,10.5
01-Jul-24 5:30:01 PM IST,10.4
01-Jul-24 5:45:00 PM IST,10.4
01-Jul-24 6:00:00 PM IST,10.4
01-Jul-24 6:15:00 PM IST,16.0
01-Jul-24 6:30:02 PM IST,23.0
01-Jul-24 6:45:01 PM IST,24.6
01-Jul-24 7:00:00 PM IST,24.8
01-Jul-24 7:15:00 PM IST,25.0
01-Jul-24 7:30:00 PM IST,25.3
01-Jul-24 7:45:00 PM IST,24.6
01-Jul-24 8:00:00 PM IST,23.8
01-Jul-24 8:15:00 PM IST,23.5
01-Jul-24 8:30:01 PM IST,23.3
01-Jul-24 8:45:00 PM IST,23.3
01-Jul-24 9:00:00 PM IST,23.3
01-Jul-24 9:15:00 PM IST,23.4
01-Jul-24 9:30:01 PM IST,23.6
01-Jul-24 9:45:00 PM IST,23.8
01-Jul-24 10:00:00 PM IST,23.5
01-Jul-24 10:15:00 PM IST,22.4
01-Jul-24 10:30:00 PM IST,20.9
01-Jul-24 10:45:00 PM IST,19.6
01-Jul-24 11:00:01 PM IST,18.8
01-Jul-24 11:15:00 PM IST,18.4
01-Jul-24 11:30:01 PM IST,18.0
01-Jul-24 11:45:01 PM IST,17.8
02-Jul-24 12:00:00 AM IST,17.7
02-Jul-24 12:15:01 AM IST,17.7
02-Jul-24 12:30:01 AM IST,17.7
02-Jul-24 12:45:00 AM IST,17.7
02-Jul-24 1:00:00 AM IST,17.7
02-Jul-24 1:15:00 AM IST,17.7
02-Jul-24 1:30:00 AM IST,17.8
02-Jul-24 1:45:00 AM IST,17.8
02-Jul-24 2:00:00 AM IST,17.8
02-Jul-24 2:15:00 AM IST,17.8
02-Jul-24 2:30:00 AM IST,17.3
02-Jul-24 2:45:00 AM IST,16.7
02-Jul-24 3:00:00 AM IST,16.2
02-Jul-24 3:15:00 AM IST,15.9
02-Jul-24 3:30:01 AM IST,15.7
02-Jul-24 3:45:00 AM IST,15.6
02-Jul-24 4:00:00 AM IST,15.6
02-Jul-24 4:15:00 AM IST,15.5
02-Jul-24 4:30:00 AM IST,15.5
02-Jul-24 4:45:00 AM IST,15.6
02-Jul-24 5:00:01 AM IST,15.6
02-Jul-24 5:15:00 AM IST,15.7
02-Jul-24 5:30:00 AM IST,15.8
02-Jul-24 5:45:00 AM IST,15.9
02-Jul-24 6:00:00 AM IST,16.0
02-Jul-24 6:15:00 AM IST,16.1
02-Jul-24 6:30:00 AM IST,16.2
02-Jul-24 6:45:00 AM IST,16.3
02-Jul-24 7:00:00 AM IST,16.4
02-Jul-24 7:15:00 AM IST,16.6
02-Jul-24 7:30:00 AM IST,15.5
02-Jul-24 7:45:00 AM IST,16.4
02-Jul-24 8:00:00 AM IST,13.1
02-Jul-24 8:15:00 AM IST,15.2
02-Jul-24 8:30:00 AM IST,12.7
02-Jul-24 8:45:00 AM IST,10.1
02-Jul-24 9:00:00 AM IST,8.9
02-Jul-24 9:15:01 AM IST,8.8
02-Jul-24 9:30:00 AM IST,8.7
02-Jul-24 9:45:00 AM IST,8.6
02-Jul-24 10:00:00 AM IST,8.3
02-Jul-24 10:15:00 AM IST,8.6
02-Jul-24 10:30:00 AM IST,8.9
02-Jul-24 10:45:00 AM IST,8.9
02-Jul-24 11:00:00 AM IST,9.1
02-Jul-24 11:15:00 AM IST,9.3
02-Jul-24 11:30:00 AM IST,9.3
02-Jul-24 11:45:00 AM IST,9.4
02-Jul-24 12:00:01 PM IST,9.4
02-Jul-24 12:15:00 PM IST,9.5
02-Jul-24 12:30:00 PM IST,9.4
02-Jul-24 12:45:00 PM IST,9.5
02-Jul-24 1:00:00 PM IST,9.4
02-Jul-24 1:15:00 PM IST,9.4
02-Jul-24 1:30:00 PM IST,9.4
02-Jul-24 1:45:00 PM IST,9.2
02-Jul-24 2:00:00 PM IST,9.1
02-Jul-24 2:15:00 PM IST,9.1
02-Jul-24 2:30:00 PM IST,8.9
02-Jul-24 2:45:01 PM IST,8.8
02-Jul-24 3:00:00 PM IST,8.7
02-Jul-24 3:15:00 PM IST,8.7
02-Jul-24 3:30:00 PM IST,8.5
02-Jul-24 3:45:01 PM IST,8.5
02-Jul-24 4:00:00 PM IST,8.4
02-Jul-24 4:15:00 PM IST,8.4
02-Jul-24 4:30:01 PM IST,8.2
02-Jul-24 4:45:00 PM IST,8.2
02-Jul-24 5:00:00 PM IST,8.1
02-Jul-24 5:15:00 PM IST,8.0
02-Jul-24 5:30:00 PM IST,7.8
02-Jul-24 5:45:00 PM IST,7.8
02-Jul-24 6:00:00 PM IST,7.8
02-Jul-24 6:15:00 PM IST,15.0
02-Jul-24 6:30:00 PM IST,20.8
02-Jul-24 6:45:00 PM IST,23.9
02-Jul-24 7:00:00 PM IST,24.2
02-Jul-24 7:15:00 PM IST,24.4
02-Jul-24 7:30:01 PM IST,24.5
02-Jul-24 7:45:00 PM IST,23.4
02-Jul-24 8:00:00 PM IST,22.1
02-Jul-24 8:15:00 PM IST,21.5
02-Jul-24 8:30:01 PM IST,21.1
02-Jul-24 8:45:00 PM IST,20.9
02-Jul-24 9:00:00 PM IST,20.8
02-Jul-24 9:15:00 PM IST,20.8
02-Jul-24 9:30:00 PM IST,20.9
02-Jul-24 9:45:00 PM IST,20.9
02-Jul-24 10:00:00 PM IST,21.0
02-Jul-24 10:15:00 PM IST,21.1
02-Jul-24 10:30:00 PM IST,21.2
02-Jul-24 10:45:00 PM IST,21.3
02-Jul-24 11:00:00 PM IST,21.4
02-Jul-24 11:15:00 PM IST,21.6
02-Jul-24 11:30:00 PM IST,21.6
02-Jul-24 11:45:00 PM IST,21.6
03-Jul-24 12:00:00 AM IST,21.0
03-Jul-24 12:15:00 AM IST,19.4
03-Jul-24 12:30:00 AM IST,17.5
03-Jul-24 12:45:00 AM IST,16.1
03-Jul-24 1:00:00 AM IST,15.4
03-Jul-24 1:15:00 AM IST,15.0
03-Jul-24 1:30:00 AM IST,14.9
03-Jul-24 1:45:00 AM IST,14.9
03-Jul-24 2:00:00 AM IST,14.9
03-Jul-24 2:15:00 AM IST,15.0
03-Jul-24 2:30:00 AM IST,15.0
03-Jul-24 2:45:00 AM IST,15.0
03-Jul-24 3:00:00 AM IST,15.1
03-Jul-24 3:15:00 AM IST,15.1
03-Jul-24 3:30:00 AM IST,15.2
03-Jul-24 3:45:00 AM IST,15.3
03-Jul-24 4:00:00 AM IST,15.4
03-Jul-24 4:15:00 AM IST,15.4
03-Jul-24 4:30:00 AM IST,15.5
03-Jul-24 4:45:01 AM IST,15.6
03-Jul-24 5:00:00 AM IST,15.6
03-Jul-24 5:15:00 AM IST,15.7
03-Jul-24 5:30:00 AM IST,15.7
03-Jul-24 5:45:00 AM IST,15.8
03-Jul-24 6:00:00 AM IST,15.8
03-Jul-24 6:15:00 AM IST,15.9
03-Jul-24 6:30:01 AM IST,16.0
03-Jul-24 6:45:00 AM IST,16.0
03-Jul-24 7:00:00 AM IST,16.1
03-Jul-24 7:15:00 AM IST,16.1
03-Jul-24 7:30:00 AM IST,16.2
03-Jul-24 7:45:00 AM IST,12.8
03-Jul-24 8:00:00 AM IST,10.1
03-Jul-24 8:15:00 AM IST,11.4
03-Jul-24 8:30:00 AM IST,9.9
03-Jul-24 8:45:00 AM IST,7.8
03-Jul-24 9:00:00 AM IST,7.7
03-Jul-24 9:15:00 AM IST,7.9
03-Jul-24 9:30:00 AM IST,7.9
03-Jul-24 9:45:00 AM IST,7.8
03-Jul-24 10:00:01 AM IST,7.8
03-Jul-24 10:15:00 AM IST,9.3
03-Jul-24 10:30:00 AM IST,8.7
03-Jul-24 10:45:00 AM IST,8.7
03-Jul-24 11:00:01 AM IST,8.9
03-Jul-24 11:15:00 AM IST,11.2
03-Jul-24 11:30:00 AM IST,9.8
03-Jul-24 11:45:00 AM IST,9.6
03-Jul-24 12:00:00 PM IST,9.6
03-Jul-24 12:15:00 PM IST,10.0
03-Jul-24 12:30:00 PM IST,9.8
03-Jul-24 12:45:00 PM IST,9.6
03-Jul-24 1:00:00 PM IST,9.6
03-Jul-24 1:15:00 PM IST,9.5
03-Jul-24 1:30:00 PM IST,9.5
03-Jul-24 1:45:00 PM IST,9.4
03-Jul-24 2:00:00 PM IST,9.3
03-Jul-24 2:15:00 PM IST,9.2
03-Jul-24 2:30:01 PM IST,9.2
03-Jul-24 2:45:01 PM IST,9.1
03-Jul-24 3:00:00 PM IST,9.3
03-Jul-24 3:15:01 PM IST,9.4
03-Jul-24 3:30:01 PM IST,9.8
03-Jul-24 3:45:00 PM IST,9.6
03-Jul-24 4:00:00 PM IST,9.5
03-Jul-24 4:15:00 PM IST,9.6
03-Jul-24 4:30:00 PM IST,9.6
03-Jul-24 4:45:01 PM IST,9.5
03-Jul-24 5:00:01 PM IST,9.5
03-Jul-24 5:15:00 PM IST,9.3
03-Jul-24 5:30:00 PM IST,9.0
03-Jul-24 5:45:00 PM IST,8.9
03-Jul-24 6:00:00 PM IST,8.7
03-Jul-24 6:15:00 PM IST,17.0
03-Jul-24 6:30:01 PM IST,20.9
03-Jul-24 6:45:00 PM IST,23.8
03-Jul-24 7:00:00 PM IST,24.5
03-Jul-24 7:15:01 PM IST,24.6
03-Jul-24 7:30:00 PM IST,24.8
03-Jul-24 7:45:00 PM IST,24.6
03-Jul-24 8:00:01 PM IST,24.8
03-Jul-24 8:15:00 PM IST,24.9
03-Jul-24 8:30:00 PM IST,25.0
03-Jul-24 8:45:00 PM IST,25.1
03-Jul-24 9:00:00 PM IST,25.1
03-Jul-24 9:15:00 PM IST,25.2
03-Jul-24 9:30:00 PM IST,25.2
03-Jul-24 9:45:01 PM IST,25.3
03-Jul-24 10:00:00 PM IST,25.3
03-Jul-24 10:15:00 PM IST,25.3
03-Jul-24 10:30:01 PM IST,25.4
03-Jul-24 10:45:01 PM IST,25.4
03-Jul-24 11:00:00 PM IST,25.4
03-Jul-24 11:15:00 PM IST,25.4
03-Jul-24 11:30:00 PM IST,24.9
03-Jul-24 11:45:00 PM IST,23.0
04-Jul-24 12:00:00 AM IST,20.1
04-Jul-24 12:15:00 AM IST,18.1
04-Jul-24 12:30:00 AM IST,17.1
04-Jul-24 12:45:00 AM IST,16.8
04-Jul-24 1:00:00 AM IST,16.6
04-Jul-24 1:15:00 AM IST,16.6
04-Jul-24 1:30:00 AM IST,16.6
04-Jul-24 1:45:00 AM IST,16.7
04-Jul-24 2:00:00 AM IST,16.8
04-Jul-24 2:15:00 AM IST,16.9
04-Jul-24 2:30:01 AM IST,16.9
04-Jul-24 2:45:00 AM IST,17.0
04-Jul-24 3:00:00 AM IST,17.1
04-Jul-24 3:15:00 AM IST,17.1
04-Jul-24 3:30:00 AM IST,17.2
04-Jul-24 3:45:00 AM IST,17.3
04-Jul-24 4:00:01 AM IST,17.4
04-Jul-24 4:15:00 AM IST,17.5
04-Jul-24 4:30:00 AM IST,17.6
04-Jul-24 4:45:01 AM IST,17.6
04-Jul-24 5:00:00 AM IST,17.7
04-Jul-24 5:15:00 AM IST,17.8
04-Jul-24 5:30:01 AM IST,17.9
04-Jul-24 5:45:00 AM IST,18.0
04-Jul-24 6:00:01 AM IST,18.1
04-Jul-24 6:15:00 AM IST,18.2
04-Jul-24 6:30:00 AM IST,18.2
04-Jul-24 6:45:00 AM IST,18.3
04-Jul-24 7:00:00 AM IST,18.4
04-Jul-24 7:15:00 AM IST,18.5
04-Jul-24 7:30:01 AM IST,18.6
04-Jul-24 7:45:01 AM IST,12.0
04-Jul-24 8:00:01 AM IST,12.1
04-Jul-24 8:15:00 AM IST,12.4
04-Jul-24 8:30:00 AM IST,10.6
04-Jul-24 8:45:00 AM IST,8.3
04-Jul-24 9:00:01 AM IST,8.4
04-Jul-24 9:15:00 AM IST,8.1
04-Jul-24 9:30:00 AM IST,8.0
04-Jul-24 9:45:00 AM IST,7.9
04-Jul-24 10:00:00 AM IST,7.9
04-Jul-24 10:15:00 AM IST,7.8
04-Jul-24 10:30:00 AM IST,8.3
04-Jul-24 10:45:00 AM IST,8.3
04-Jul-24 11:00:00 AM IST,8.4
04-Jul-24 11:15:00 AM IST,8.6
04-Jul-24 11:30:01 AM IST,8.7
04-Jul-24 11:45:01 AM IST,8.8
04-Jul-24 12:00:00 PM IST,8.9
04-Jul-24 12:15:00 PM IST,8.9
04-Jul-24 12:30:00 PM IST,9.0
04-Jul-24 12:45:00 PM IST,9.0
04-Jul-24 1:00:00 PM IST,9.1
04-Jul-24 1:15:00 PM IST,9.1
04-Jul-24 1:30:01 PM IST,9.1
04-Jul-24 1:45:00 PM IST,9.0
04-Jul-24 2:00:00 PM IST,9.2
04-Jul-24 2:15:00 PM IST,9.1
04-Jul-24 2:30:00 PM IST,9.1
04-Jul-24 2:45:00 PM IST,11.3
04-Jul-24 3:00:00 PM IST,10.4
04-Jul-24 3:15:00 PM IST,10.8
04-Jul-24 3:30:00 PM IST,10.6
04-Jul-24 3:45:00 PM IST,10.2
04-Jul-24 4:00:00 PM IST,10.1
04-Jul-24 4:15:02 PM IST,10.0
04-Jul-24 4:30:01 PM IST,9.8
04-Jul-24 4:45:00 PM IST,9.6
04-Jul-24 5:00:00 PM IST,9.6
04-Jul-24 5:15:00 PM IST,13.4
04-Jul-24 5:30:00 PM IST,19.4
04-Jul-24 5:45:00 PM IST,9.8
04-Jul-24 6:00:00 PM IST,10.5
04-Jul-24 6:15:00 PM IST,15.4
04-Jul-24 6:30:00 PM IST,20.6
04-Jul-24 6:45:00 PM IST,22.5
04-Jul-24 7:00:00 PM IST,23.8
04-Jul-24 7:15:00 PM IST,24.4
04-Jul-24 7:30:00 PM IST,24.5
04-Jul-24 7:45:00 PM IST,23.5
04-Jul-24 8:00:00 PM IST,22.4
04-Jul-24 8:15:00 PM IST,21.7
04-Jul-24 8:30:00 PM IST,21.4
04-Jul-24 8:45:00 PM IST,21.2
04-Jul-24 9:00:00 PM IST,21.1
04-Jul-24 9:15:00 PM IST,21.1
04-Jul-24 9:30:00 PM IST,21.1
04-Jul-24 9:45:00 PM IST,21.2
04-Jul-24 10:00:00 PM IST,21.3
04-Jul-24 10:15:00 PM IST,21.4
04-Jul-24 10:30:00 PM IST,21.5
04-Jul-24 10:45:00 PM IST,21.7
04-Jul-24 11:00:00 PM IST,21.6
04-Jul-24 11:15:00 PM IST,21.6
04-Jul-24 11:30:00 PM IST,21.3
04-Jul-24 11:45:01 PM IST,20.3
05-Jul-24 12:00:01 AM IST,19.0
05-Jul-24 12:15:00 AM IST,17.6
05-Jul-24 12:30:01 AM IST,16.8
05-Jul-24 12:45:00 AM IST,16.3
05-Jul-24 1:00:01 AM IST,16.2
05-Jul-24 1:15:00 AM IST,16.2
05-Jul-24 1:30:01 AM IST,16.3
05-Jul-24 1:45:00 AM IST,16.4
05-Jul-24 2:00:00 AM IST,16.5
05-Jul-24 2:15:00 AM IST,16.6
05-Jul-24 2:30:00 AM IST,16.7
05-Jul-24 2:45:00 AM IST,16.8
05-Jul-24 3:00:00 AM IST,16.9
05-Jul-24 3:15:00 AM IST,17.0
05-Jul-24 3:30:01 AM IST,17.0
05-Jul-24 3:45:00 AM IST,17.0
05-Jul-24 4:00:00 AM IST,17.1
05-Jul-24 4:15:01 AM IST,17.0
05-Jul-24 4:30:00 AM IST,16.9
05-Jul-24 4:45:00 AM IST,16.7
05-Jul-24 5:00:00 AM IST,16.7
05-Jul-24 5:15:00 AM IST,16.6
05-Jul-24 5:30:00 AM IST,16.6
05-Jul-24 5:45:00 AM IST,16.7
05-Jul-24 6:00:00 AM IST,16.8
05-Jul-24 6:15:00 AM IST,17.0
05-Jul-24 6:30:00 AM IST,17.1
05-Jul-24 6:45:01 AM IST,17.3
05-Jul-24 7:00:00 AM IST,17.5
05-Jul-24 7:15:00 AM IST,17.7
05-Jul-24 7:30:02 AM IST,17.8
05-Jul-24 7:45:02 AM IST,13.2
05-Jul-24 8:00:00 AM IST,13.0
05-Jul-24 8:15:01 AM IST,15.3
05-Jul-24 8:30:00 AM IST,12.3
05-Jul-24 8:45:01 AM IST,10.0
05-Jul-24 9:00:01 AM IST,9.5
05-Jul-24 9:15:00 AM IST,9.2
05-Jul-24 9:30:00 AM IST,8.9
05-Jul-24 9:45:00 AM IST,8.7
05-Jul-24 10:00:01 AM IST,8.4
05-Jul-24 10:15:00 AM IST,8.3
05-Jul-24 10:30:00 AM IST,8.5
05-Jul-24 10:45:00 AM IST,8.6
05-Jul-24 11:00:00 AM IST,8.7
05-Jul-24 11:15:00 AM IST,8.8
05-Jul-24 11:30:00 AM IST,8.9
05-Jul-24 11:45:00 AM IST,9.0
05-Jul-24 12:00:01 PM IST,9.1
05-Jul-24 12:15:00 PM IST,9.1
05-Jul-24 12:30:00 PM IST,9.1
05-Jul-24 12:45:00 PM IST,9.2
05-Jul-24 1:00:00 PM IST,9.2
05-Jul-24 1:15:00 PM IST,9.2
05-Jul-24 1:30:00 PM IST,9.1
05-Jul-24 1:45:00 PM IST,9.1
05-Jul-24 2:00:00 PM IST,9.0
05-Jul-24 2:15:00 PM IST,8.9
05-Jul-24 2:30:00 PM IST,8.9
05-Jul-24 2:45:00 PM IST,9.0
05-Jul-24 3:00:00 PM IST,9.0
05-Jul-24 3:15:00 PM IST,9.0
05-Jul-24 3:30:00 PM IST,9.4
05-Jul-24 3:45:00 PM IST,9.2
05-Jul-24 4:00:01 PM IST,9.1
05-Jul-24 4:15:00 PM IST,9.2
05-Jul-24 4:30:00 PM IST,9.2
05-Jul-24 4:45:00 PM IST,9.4
05-Jul-24 5:00:00 PM IST,9.4
05-Jul-24 5:15:01 PM IST,9.3
05-Jul-24 5:30:00 PM IST,9.3
05-Jul-24 5:45:00 PM IST,9.2
05-Jul-24 6:00:00 PM IST,8.8
05-Jul-24 6:15:00 PM IST,15.7
05-Jul-24 6:30:00 PM IST,21.1
05-Jul-24 6:45:00 PM IST,8.8
05-Jul-24 7:00:00 PM IST,10.7
05-Jul-24 7:15:00 PM IST,10.6
05-Jul-24 7:30:01 PM IST,11.0
05-Jul-24 7:45:01 PM IST,11.3
05-Jul-24 8:00:00 PM IST,12.2
05-Jul-24 8:15:01 PM IST,13.2
05-Jul-24 8:30:01 PM IST,14.1
05-Jul-24 8:45:00 PM IST,14.8
05-Jul-24 9:00:00 PM IST,15.4
05-Jul-24 9:15:00 PM IST,15.8
05-Jul-24 9:30:00 PM IST,16.2
05-Jul-24 9:45:00 PM IST,16.5
05-Jul-24 10:00:00 PM IST,16.8
05-Jul-24 10:15:00 PM IST,17.1
05-Jul-24 10:30:00 PM IST,17.4
05-Jul-24 10:45:00 PM IST,17.6
05-Jul-24 11:00:00 PM IST,17.9
05-Jul-24 11:15:00 PM IST,18.1
05-Jul-24 11:30:00 PM IST,18.3
05-Jul-24 11:45:01 PM IST,18.6
06-Jul-24 12:00:00 AM IST,18.8
06-Jul-24 12:15:01 AM IST,19.0
06-Jul-24 12:30:00 AM IST,19.2
06-Jul-24 12:45:00 AM IST,19.5
06-Jul-24 1:00:00 AM IST,19.5
06-Jul-24 1:15:00 AM IST,19.6
06-Jul-24 1:30:00 AM IST,19.6
06-Jul-24 1:45:00 AM IST,19.6
06-Jul-24 2:00:00 AM IST,19.5
06-Jul-24 2:15:00 AM IST,19.0
06-Jul-24 2:30:01 AM IST,18.2
06-Jul-24 2:45:00 AM IST,17.2
06-Jul-24 3:00:01 AM IST,16.3
06-Jul-24 3:15:01 AM IST,15.6
06-Jul-24 3:30:00 AM IST,15.2
06-Jul-24 3:45:00 AM IST,15.1
06-Jul-24 4:00:00 AM IST,15.1
06-Jul-24 4:15:00 AM IST,15.2
06-Jul-24 4:30:00 AM IST,15.2
06-Jul-24 4:45:00 AM IST,15.3
06-Jul-24 5:00:00 AM IST,15.4
06-Jul-24 5:15:00 AM IST,15.5
06-Jul-24 5:30:00 AM IST,15.6
06-Jul-24 5:45:00 AM IST,15.4
06-Jul-24 6:00:00 AM IST,15.3
06-Jul-24 6:15:00 AM IST,15.1
06-Jul-24 6:30:00 AM IST,14.9
06-Jul-24 6:45:00 AM IST,14.9
06-Jul-24 7:00:00 AM IST,14.9
06-Jul-24 7:15:00 AM IST,14.9
06-Jul-24 7:30:00 AM IST,14.9
06-Jul-24 7:45:00 AM IST,13.8
06-Jul-24 8:00:00 AM IST,12.9
06-Jul-24 8:15:00 AM IST,12.4
06-Jul-24 8:30:00 AM IST,8.3
06-Jul-24 8:45:00 AM IST,9.6
06-Jul-24 9:00:00 AM IST,10.1
06-Jul-24 9:15:00 AM IST,8.9
06-Jul-24 9:30:00 AM IST,8.8
06-Jul-24 9:45:00 AM IST,8.4
06-Jul-24 10:00:00 AM IST,8.1
06-Jul-24 10:15:00 AM IST,8.1
06-Jul-24 10:30:00 AM IST,8.2
06-Jul-24 10:45:00 AM IST,8.1
06-Jul-24 11:00:00 AM IST,8.1
06-Jul-24 11:15:00 AM IST,8.1
06-Jul-24 11:30:00 AM IST,8.0
06-Jul-24 11:45:00 AM IST,7.9
06-Jul-24 12:00:00 PM IST,7.9
06-Jul-24 12:15:00 PM IST,7.9
06-Jul-24 12:30:00 PM IST,7.9
06-Jul-24 12:45:00 PM IST,7.9
06-Jul-24 1:00:01 PM IST,7.9
06-Jul-24 1:15:00 PM IST,7.9
06-Jul-24 1:30:00 PM IST,7.9
06-Jul-24 1:45:00 PM IST,8.5
06-Jul-24 2:00:00 PM IST,8.4
06-Jul-24 2:15:00 PM IST,8.3
06-Jul-24 2:30:00 PM IST,8.4
06-Jul-24 2:45:00 PM IST,8.4
06-Jul-24 3:00:01 PM IST,8.4
06-Jul-24 3:15:00 PM IST,8.4
06-Jul-24 3:30:00 PM IST,8.2
06-Jul-24 3:45:00 PM IST,8.0
06-Jul-24 4:00:00 PM IST,8.0
06-Jul-24 4:15:00 PM IST,8.0
06-Jul-24 4:30:00 PM IST,8.0
06-Jul-24 4:45:01 PM IST,8.0
06-Jul-24 5:00:00 PM IST,7.9
06-Jul-24 5:15:01 PM IST,7.9
06-Jul-24 5:30:00 PM IST,7.7
06-Jul-24 5:45:01 PM IST,7.5
06-Jul-24 6:00:00 PM IST,6.9
06-Jul-24 6:15:00 PM IST,7.7
06-Jul-24 6:30:00 PM IST,11.5
06-Jul-24 6:45:00 PM IST,15.0
06-Jul-24 7:00:00 PM IST,18.1
06-Jul-24 7:15:00 PM IST,21.1
06-Jul-24 7:30:00 PM IST,23.3
06-Jul-24 7:45:00 PM IST,23.1
06-Jul-24 8:00:00 PM IST,21.9
06-Jul-24 8:15:00 PM IST,20.9
06-Jul-24 8:30:00 PM IST,20.2
06-Jul-24 8:45:01 PM IST,19.7
06-Jul-24 9:00:00 PM IST,19.4
06-Jul-24 9:15:00 PM IST,19.2
06-Jul-24 9:30:00 PM IST,19.1
06-Jul-24 9:45:01 PM IST,19.0
06-Jul-24 10:00:00 PM IST,19.0
06-Jul-24 10:15:01 PM IST,19.0
06-Jul-24 10:30:00 PM IST,19.1
06-Jul-24 10:45:00 PM IST,19.1
06-Jul-24 11:00:00 PM IST,19.2
06-Jul-24 11:15:00 PM IST,19.4
06-Jul-24 11:30:00 PM IST,19.5
06-Jul-24 11:45:00 PM IST,19.6
07-Jul-24 12:00:01 AM IST,19.9
07-Jul-24 12:15:00 AM IST,19.9
07-Jul-24 12:30:00 AM IST,20.0
07-Jul-24 12:45:00 AM IST,19.9
07-Jul-24 1:00:00 AM IST,19.3
07-Jul-24 1:15:00 AM IST,17.9
07-Jul-24 1:30:00 AM IST,15.9
07-Jul-24 1:45:01 AM IST,14.6
07-Jul-24 2:00:00 AM IST,13.9
07-Jul-24 2:15:00 AM IST,13.6
07-Jul-24 2:30:00 AM IST,13.5
07-Jul-24 2:45:00 AM IST,13.5
07-Jul-24 3:00:00 AM IST,13.5
07-Jul-24 3:15:00 AM IST,13.6
07-Jul-24 3:30:00 AM IST,13.6
07-Jul-24 3:45:00 AM IST,13.7
07-Jul-24 4:00:00 AM IST,13.7
07-Jul-24 4:15:00 AM IST,13.6
07-Jul-24 4:30:00 AM IST,13.6
07-Jul-24 4:45:00 AM IST,13.5
07-Jul-24 5:00:00 AM IST,13.4
07-Jul-24 5:15:00 AM IST,13.3
07-Jul-24 5:30:00 AM IST,13.1
07-Jul-24 5:45:00 AM IST,13.0
07-Jul-24 6:00:00 AM IST,12.9
07-Jul-24 6:15:01 AM IST,12.8
07-Jul-24 6:30:00 AM IST,12.7
07-Jul-24 6:45:00 AM IST,12.8
07-Jul-24 7:00:00 AM IST,12.8
07-Jul-24 7:15:00 AM IST,12.8
07-Jul-24 7:30:00 AM IST,12.9
07-Jul-24 7:45:00 AM IST,13.0
07-Jul-24 8:00:01 AM IST,13.1
07-Jul-24 8:15:00 AM IST,13.2
07-Jul-24 8:30:00 AM IST,13.3
07-Jul-24 8:45:00 AM IST,13.4
07-Jul-24 9:00:00 AM IST,13.5
07-Jul-24 9:15:00 AM IST,13.6
07-Jul-24 9:30:00 AM IST,13.7
07-Jul-24 9:45:00 AM IST,13.8
07-Jul-24 10:00:00 AM IST,13.9
07-Jul-24 10:15:00 AM IST,14.0
07-Jul-24 10:30:00 AM IST,14.1
07-Jul-24 10:45:00 AM IST,14.2
07-Jul-24 11:00:00 AM IST,14.3
07-Jul-24 11:15:01 AM IST,14.4
07-Jul-24 11:30:00 AM IST,14.5
07-Jul-24 11:45:00 AM IST,14.6
07-Jul-24 12:00:00 PM IST,14.7
07-Jul-24 12:15:00 PM IST,14.9
07-Jul-24 12:30:00 PM IST,15.0
07-Jul-24 12:45:00 PM IST,15.1
07-Jul-24 1:00:01 PM IST,15.2
07-Jul-24 1:15:00 PM IST,15.3
07-Jul-24 1:30:00 PM IST,15.4
07-Jul-24 1:45:00 PM IST,15.5
07-Jul-24 2:00:00 PM IST,15.7
07-Jul-24 2:15:00 PM IST,15.8
07-Jul-24 2:30:00 PM IST,15.9
07-Jul-24 2:45:00 PM IST,16.0
07-Jul-24 3:00:00 PM IST,16.1
07-Jul-24 3:15:00 PM IST,16.2
07-Jul-24 3:30:00 PM IST,16.3
07-Jul-24 3:45:00 PM IST,16.4
07-Jul-24 4:00:00 PM IST,16.5
07-Jul-24 4:15:01 PM IST,16.5
07-Jul-24 4:30:00 PM IST,16.6
07-Jul-24 4:45:00 PM IST,16.7
07-Jul-24 5:00:00 PM IST,16.8
07-Jul-24 5:15:00 PM IST,16.8
07-Jul-24 5:30:00 PM IST,16.9
07-Jul-24 5:45:00 PM IST,17.0
07-Jul-24 6:00:00 PM IST,17.0
07-Jul-24 6:15:00 PM IST,17.1
07-Jul-24 6:30:00 PM IST,17.2
07-Jul-24 6:45:00 PM IST,17.2
07-Jul-24 7:00:01 PM IST,17.3
07-Jul-24 7:15:00 PM IST,17.4
07-Jul-24 7:30:00 PM IST,17.5
07-Jul-24 7:45:00 PM IST,17.5
07-Jul-24 8:00:00 PM IST,17.6
07-Jul-24 8:15:01 PM IST,17.7
07-Jul-24 8:30:01 PM IST,17.7
07-Jul-24 8:45:00 PM IST,17.8
07-Jul-24 9:00:00 PM IST,17.9
07-Jul-24 9:15:00 PM IST,17.9
07-Jul-24 9:30:00 PM IST,18.0
07-Jul-24 9:45:00 PM IST,18.1
07-Jul-24 10:00:00 PM IST,18.1
07-Jul-24 10:15:00 PM IST,18.2
07-Jul-24 10:30:00 PM IST,18.3
07-Jul-24 10:45:00 PM IST,18.3
07-Jul-24 11:00:00 PM IST,18.4
07-Jul-24 11:15:00 PM IST,18.4
07-Jul-24 11:30:00 PM IST,18.5
07-Jul-24 11:45:00 PM IST,18.5
08-Jul-24 12:00:01 AM IST,18.6
08-Jul-24 12:15:00 AM IST,18.7
08-Jul-24 12:30:00 AM IST,18.8
08-Jul-24 12:45:00 AM IST,18.8
08-Jul-24 1:00:00 AM IST,18.9
08-Jul-24 1:15:00 AM IST,19.0
08-Jul-24 1:30:00 AM IST,19.0
08-Jul-24 1:45:00 AM IST,19.1
08-Jul-24 2:00:00 AM IST,19.1
08-Jul-24 2:15:00 AM IST,19.2
08-Jul-24 2:30:00 AM IST,19.3
08-Jul-24 2:45:00 AM IST,19.3
08-Jul-24 3:00:00 AM IST,19.4
08-Jul-24 3:15:00 AM IST,19.4
08-Jul-24 3:30:00 AM IST,19.5
08-Jul-24 3:45:00 AM IST,19.5
08-Jul-24 4:00:01 AM IST,19.6
08-Jul-24 4:15:00 AM IST,19.6
08-Jul-24 4:30:01 AM IST,19.7
08-Jul-24 4:45:00 AM IST,19.7
08-Jul-24 5:00:00 AM IST,19.7
08-Jul-24 5:15:03 AM IST,19.8
08-Jul-24 5:30:01 AM IST,19.8
08-Jul-24 5:45:00 AM IST,19.9
08-Jul-24 6:00:00 AM IST,19.9
08-Jul-24 6:15:00 AM IST,20.0
08-Jul-24 6:30:00 AM IST,20.0
08-Jul-24 6:45:00 AM IST,20.0
08-Jul-24 7:00:01 AM IST,20.1
08-Jul-24 7:15:00 AM IST,20.1
08-Jul-24 7:30:00 AM IST,17.8
08-Jul-24 7:45:00 AM IST,14.6
08-Jul-24 8:00:00 AM IST,11.4
08-Jul-24 8:15:00 AM IST,8.7
08-Jul-24 8:30:01 AM IST,9.1
08-Jul-24 8:45:00 AM IST,9.1
08-Jul-24 9:00:01 AM IST,8.7
08-Jul-24 9:15:01 AM IST,8.6
08-Jul-24 9:30:00 AM IST,8.6
08-Jul-24 9:45:00 AM IST,8.8
08-Jul-24 10:00:00 AM IST,8.9
08-Jul-24 10:15:00 AM IST,9.0
08-Jul-24 10:30:00 AM IST,9.1
08-Jul-24 10:45:00 AM IST,9.8
08-Jul-24 11:00:00 AM IST,9.9
08-Jul-24 11:15:00 AM IST,10.0
08-Jul-24 11:30:00 AM IST,10.0
08-Jul-24 11:45:01 AM IST,10.0
08-Jul-24 12:00:00 PM IST,10.0
08-Jul-24 12:15:00 PM IST,9.9
08-Jul-24 12:30:01 PM IST,9.9
08-Jul-24 12:45:00 PM IST,9.7
08-Jul-24 1:00:00 PM IST,10.0
08-Jul-24 1:15:00 PM IST,10.0
08-Jul-24 1:30:00 PM IST,10.1
08-Jul-24 1:45:01 PM IST,10.2
08-Jul-24 2:00:01 PM IST,10.2
08-Jul-24 2:15:01 PM IST,10.3
08-Jul-24 2:30:01 PM IST,10.3
08-Jul-24 2:45:00 PM IST,10.0
08-Jul-24 3:00:00 PM IST,9.9
08-Jul-24 3:15:00 PM IST,9.8
08-Jul-24 3:30:00 PM IST,9.6
08-Jul-24 3:45:00 PM IST,9.6
08-Jul-24 4:00:00 PM IST,9.7
08-Jul-24 4:15:00 PM IST,9.6
08-Jul-24 4:30:00 PM IST,9.6
08-Jul-24 4:45:00 PM IST,9.6
08-Jul-24 5:00:01 PM IST,9.5
08-Jul-24 5:15:00 PM IST,9.5
08-Jul-24 5:30:00 PM IST,9.3
08-Jul-24 5:45:00 PM IST,9.0
08-Jul-24 6:00:00 PM IST,8.5
08-Jul-24 6:15:00 PM IST,9.4
08-Jul-24 6:30:00 PM IST,10.0
08-Jul-24 6:45:00 PM IST,10.2
08-Jul-24 7:00:00 PM IST,9.8
08-Jul-24 7:15:00 PM IST,9.8
08-Jul-24 7:30:00 PM IST,9.5
08-Jul-24 7:45:00 PM IST,9.7
08-Jul-24 8:00:01 PM IST,9.8
08-Jul-24 8:15:01 PM IST,9.9
08-Jul-24 8:30:02 PM IST,9.9
08-Jul-24 8:45:01 PM IST,10.0
08-Jul-24 9:00:00 PM IST,10.2
08-Jul-24 9:15:00 PM IST,10.4
08-Jul-24 9:30:00 PM IST,10.6
08-Jul-24 9:45:00 PM IST,10.8
08-Jul-24 10:00:00 PM IST,10.9
08-Jul-24 10:15:00 PM IST,11.1
08-Jul-24 10:30:01 PM IST,11.2
08-Jul-24 10:45:00 PM IST,11.2
08-Jul-24 11:00:00 PM IST,11.3
08-Jul-24 11:15:00 PM IST,11.4
08-Jul-24 11:30:00 PM IST,11.5
08-Jul-24 11:45:00 PM IST,11.6
09-Jul-24 12:00:00 AM IST,11.7
09-Jul-24 12:15:00 AM IST,11.8
09-Jul-24 12:30:00 AM IST,11.9
09-Jul-24 12:45:00 AM IST,12.0
09-Jul-24 1:00:00 AM IST,12.1
09-Jul-24 1:15:00 AM IST,12.3
09-Jul-24 1:30:00 AM IST,12.4
09-Jul-24 1:45:00 AM IST,12.6
09-Jul-24 2:00:00 AM IST,12.8
09-Jul-24 2:15:00 AM IST,13.0
09-Jul-24 2:30:00 AM IST,13.2
09-Jul-24 2:45:00 AM IST,13.4
09-Jul-24 3:00:00 AM IST,13.6
09-Jul-24 3:15:00 AM IST,13.9
09-Jul-24 3:30:00 AM IST,14.1
09-Jul-24 3:45:00 AM IST,14.4
09-Jul-24 4:00:01 AM IST,14.7
09-Jul-24 4:15:00 AM IST,15.0
09-Jul-24 4:30:00 AM IST,15.3
09-Jul-24 4:45:00 AM IST,15.6
09-Jul-24 5:00:01 AM IST,15.9
09-Jul-24 5:15:00 AM IST,16.2
09-Jul-24 5:30:00 AM IST,16.4
09-Jul-24 5:45:00 AM IST,16.6
09-Jul-24 6:00:00 AM IST,16.8
09-Jul-24 6:15:00 AM IST,17.0
09-Jul-24 6:30:01 AM IST,17.1
09-Jul-24 6:45:00 AM IST,17.3
09-Jul-24 7:00:01 AM IST,17.4
09-Jul-24 7:15:00 AM IST,17.5
09-Jul-24 7:30:01 AM IST,13.1
09-Jul-24 7:45:00 AM IST,10.4
09-Jul-24 8:00:00 AM IST,14.0
09-Jul-24 8:15:00 AM IST,7.9
09-Jul-24 8:30:01 AM IST,8.1
09-Jul-24 8:45:00 AM IST,8.0
09-Jul-24 9:00:01 AM IST,7.9
09-Jul-24 9:15:00 AM IST,8.0
09-Jul-24 9:30:00 AM IST,7.7
09-Jul-24 9:45:00 AM IST,7.7
09-Jul-24 10:00:01 AM IST,7.6
09-Jul-24 10:15:00 AM IST,7.7
09-Jul-24 10:30:00 AM IST,8.2
09-Jul-24 10:45:00 AM IST,8.4
09-Jul-24 11:00:00 AM IST,8.5
09-Jul-24 11:15:00 AM IST,8.6
09-Jul-24 11:30:00 AM IST,8.7
09-Jul-24 11:45:00 AM IST,9.0
09-Jul-24 12:00:00 PM IST,9.2
09-Jul-24 12:15:01 PM IST,9.1
09-Jul-24 12:30:00 PM IST,9.3
09-Jul-24 12:45:00 PM IST,9.5
09-Jul-24 1:00:00 PM IST,9.5
09-Jul-24 1:15:00 PM IST,9.4
09-Jul-24 1:30:00 PM IST,12.3
09-Jul-24 1:45:00 PM IST,11.5
09-Jul-24 2:00:00 PM IST,11.3
09-Jul-24 2:15:00 PM IST,11.2
09-Jul-24 2:30:00 PM IST,11.3
09-Jul-24 2:45:00 PM IST,11.2
09-Jul-24 3:00:00 PM IST,11.3
09-Jul-24 3:15:00 PM IST,11.2
09-Jul-24 3:30:00 PM IST,11.2
09-Jul-24 3:45:00 PM IST,11.2
09-Jul-24 4:00:00 PM IST,11.1
09-Jul-24 4:15:00 PM IST,11.2
09-Jul-24 4:30:00 PM IST,11.2
09-Jul-24 4:45:00 PM IST,11.3
09-Jul-24 5:00:00 PM IST,11.2
09-Jul-24 5:15:01 PM IST,11.1
09-Jul-24 5:30:00 PM IST,11.1
09-Jul-24 5:45:00 PM IST,11.1
09-Jul-24 6:00:00 PM IST,10.7
09-Jul-24 6:15:00 PM IST,18.5
09-Jul-24 6:30:00 PM IST,22.5
09-Jul-24 6:45:00 PM IST,24.5
09-Jul-24 7:00:00 PM IST,24.8
09-Jul-24 7:15:00 PM IST,25.0
09-Jul-24 7:30:00 PM IST,25.1
09-Jul-24 7:45:00 PM IST,24.6
09-Jul-24 8:00:00 PM IST,24.6
09-Jul-24 8:15:00 PM IST,24.7
09-Jul-24 8:30:00 PM IST,24.7
09-Jul-24 8:45:00 PM IST,24.7
09-Jul-24 9:00:00 PM IST,24.7
09-Jul-24 9:15:00 PM IST,24.8
09-Jul-24 9:30:01 PM IST,24.5
09-Jul-24 9:45:00 PM IST,23.8
09-Jul-24 10:00:00 PM IST,22.8
09-Jul-24 10:15:00 PM IST,21.6
09-Jul-24 10:30:00 PM IST,20.6
09-Jul-24 10:45:00 PM IST,19.9
09-Jul-24 11:00:00 PM IST,19.5
09-Jul-24 11:15:00 PM IST,19.1
09-Jul-24 11:30:00 PM IST,18.9
09-Jul-24 11:45:00 PM IST,18.8
10-Jul-24 12:00:00 AM IST,18.8
10-Jul-24 12:15:00 AM IST,18.8
10-Jul-24 12:30:00 AM IST,18.8
10-Jul-24 12:45:01 AM IST,18.9
10-Jul-24 1:00:00 AM IST,18.9
10-Jul-24 1:15:00 AM IST,19.0
10-Jul-24 1:30:01 AM IST,19.0
10-Jul-24 1:45:00 AM IST,19.1
10-Jul-24 2:00:01 AM IST,19.1
10-Jul-24 2:15:00 AM IST,19.1
10-Jul-24 2:30:00 AM IST,19.0
10-Jul-24 2:45:00 AM IST,18.5
10-Jul-24 3:00:00 AM IST,18.0
10-Jul-24 3:15:00 AM IST,17.7
10-Jul-24 3:30:00 AM IST,17.4
10-Jul-24 3:45:01 AM IST,17.3
10-Jul-24 4:00:00 AM IST,17.2
10-Jul-24 4:15:00 AM IST,17.3
10-Jul-24 4:30:00 AM IST,17.5
10-Jul-24 4:45:01 AM IST,17.8
10-Jul-24 5:00:01 AM IST,18.3
10-Jul-24 5:15:00 AM IST,18.8
10-Jul-24 5:30:00 AM IST,19.1
10-Jul-24 5:45:00 AM IST,19.3
10-Jul-24 6:00:00 AM IST,19.4
10-Jul-24 6:15:00 AM IST,19.5
10-Jul-24 6:30:00 AM IST,19.6
10-Jul-24 6:45:00 AM IST,19.7
10-Jul-24 7:00:00 AM IST,19.7
10-Jul-24 7:15:00 AM IST,19.8
10-Jul-24 7:30:00 AM IST,19.8
10-Jul-24 7:45:00 AM IST,13.6
10-Jul-24 8:00:00 AM IST,12.6
10-Jul-24 8:15:00 AM IST,13.3
10-Jul-24 8:30:00 AM IST,8.7
10-Jul-24 8:45:01 AM IST,8.4
10-Jul-24 9:00:00 AM IST,8.4
10-Jul-24 9:15:00 AM IST,7.9
10-Jul-24 9:30:00 AM IST,7.8
10-Jul-24 9:45:01 AM IST,7.7
10-Jul-24 10:00:00 AM IST,8.4
10-Jul-24 10:15:00 AM IST,8.4
10-Jul-24 10:30:00 AM IST,8.6
10-Jul-24 10:45:01 AM IST,8.8
10-Jul-24 11:00:00 AM IST,9.0
10-Jul-24 11:15:00 AM IST,9.3
10-Jul-24 11:30:01 AM IST,9.4
10-Jul-24 11:45:00 AM IST,9.4
10-Jul-24 12:00:00 PM IST,9.5
10-Jul-24 12:15:00 PM IST,9.7
10-Jul-24 12:30:00 PM IST,9.5
10-Jul-24 12:45:00 PM IST,9.4
10-Jul-24 1:00:00 PM IST,11.8
10-Jul-24 1:15:00 PM IST,10.9
10-Jul-24 1:30:00 PM IST,11.1
10-Jul-24 1:45:00 PM IST,10.7
10-Jul-24 2:00:01 PM IST,10.4
10-Jul-24 2:15:00 PM IST,10.2
10-Jul-24 2:30:00 PM IST,10.3
10-Jul-24 2:45:01 PM IST,10.2
10-Jul-24 3:00:00 PM IST,10.2
10-Jul-24 3:15:00 PM IST,10.2
10-Jul-24 3:30:00 PM IST,10.2
10-Jul-24 3:45:01 PM IST,10.2
10-Jul-24 4:00:00 PM IST,10.3
10-Jul-24 4:15:00 PM IST,10.7
10-Jul-24 4:30:00 PM IST,10.8
10-Jul-24 4:45:00 PM IST,10.7
10-Jul-24 5:00:00 PM IST,10.7
10-Jul-24 5:15:00 PM IST,10.6
10-Jul-24 5:30:00 PM IST,10.5
10-Jul-24 5:45:00 PM IST,10.4
10-Jul-24 6:00:00 PM IST,10.1
10-Jul-24 6:15:01 PM IST,15.5
10-Jul-24 6:30:00 PM IST,19.2
10-Jul-24 6:45:00 PM IST,21.8
10-Jul-24 7:00:00 PM IST,23.3
10-Jul-24 7:15:00 PM IST,24.3
10-Jul-24 7:30:00 PM IST,24.8
10-Jul-24 7:45:00 PM IST,25.0
10-Jul-24 8:00:00 PM IST,25.1
10-Jul-24 8:15:00 PM IST,25.3
10-Jul-24 8:30:00 PM IST,25.4
10-Jul-24 8:45:01 PM IST,25.4
10-Jul-24 9:00:00 PM IST,25.5
10-Jul-24 9:15:00 PM IST,25.5
10-Jul-24 9:30:01 PM IST,25.6
10-Jul-24 9:45:00 PM IST,25.6
10-Jul-24 10:00:00 PM IST,25.7
10-Jul-24 10:15:00 PM IST,25.2
10-Jul-24 10:30:00 PM IST,24.5
10-Jul-24 10:45:00 PM IST,23.9
10-Jul-24 11:00:00 PM IST,23.5
10-Jul-24 11:15:00 PM IST,23.2
10-Jul-24 11:30:00 PM IST,23.0
10-Jul-24 11:45:01 PM IST,22.9
11-Jul-24 12:00:00 AM IST,22.8
11-Jul-24 12:15:00 AM IST,22.7
11-Jul-24 12:30:00 AM IST,22.7
11-Jul-24 12:45:00 AM IST,22.7
11-Jul-24 1:00:00 AM IST,22.8
11-Jul-24 1:15:00 AM IST,22.8
11-Jul-24 1:30:00 AM IST,22.8
11-Jul-24 1:45:00 AM IST,23.0
11-Jul-24 2:00:00 AM IST,23.0
11-Jul-24 2:15:00 AM IST,22.9
11-Jul-24 2:30:00 AM IST,22.0
11-Jul-24 2:45:01 AM IST,20.5
11-Jul-24 3:00:01 AM IST,19.5
11-Jul-24 3:15:00 AM IST,19.0
11-Jul-24 3:30:00 AM IST,18.8
11-Jul-24 3:45:00 AM IST,18.5
11-Jul-24 4:00:00 AM IST,18.3
11-Jul-24 4:15:01 AM IST,18.2
11-Jul-24 4:30:00 AM IST,18.0
11-Jul-24 4:45:00 AM IST,17.9
11-Jul-24 5:00:01 AM IST,17.6
11-Jul-24 5:15:00 AM IST,17.4
11-Jul-24 5:30:00 AM IST,17.1
11-Jul-24 5:45:00 AM IST,16.9
11-Jul-24 6:00:00 AM IST,16.8
11-Jul-24 6:15:00 AM IST,16.7
11-Jul-24 6:30:00 AM IST,16.7
11-Jul-24 6:45:00 AM IST,16.7
11-Jul-24 7:00:00 AM IST,16.7
11-Jul-24 7:15:00 AM IST,16.8
11-Jul-24 7:30:01 AM IST,16.9
11-Jul-24 7:45:00 AM IST,13.5
11-Jul-24 8:00:00 AM IST,13.7
11-Jul-24 8:15:00 AM IST,12.1
11-Jul-24 8:30:00 AM IST,11.4
11-Jul-24 8:45:00 AM IST,12.0
11-Jul-24 9:00:00 AM IST,9.8
11-Jul-24 9:15:00 AM IST,9.9
11-Jul-24 9:30:00 AM IST,9.7
11-Jul-24 9:45:00 AM IST,9.3
11-Jul-24 10:00:00 AM IST,9.0
11-Jul-24 10:15:00 AM IST,9.3
11-Jul-24 10:30:00 AM IST,9.1
11-Jul-24 10:45:00 AM IST,9.4
11-Jul-24 11:00:01 AM IST,9.5
11-Jul-24 11:15:01 AM IST,9.5
11-Jul-24 11:30:01 AM IST,9.4
11-Jul-24 11:45:00 AM IST,9.7
11-Jul-24 12:00:00 PM IST,9.8
11-Jul-24 12:15:00 PM IST,10.0
11-Jul-24 12:30:00 PM IST,9.9
11-Jul-24 12:45:00 PM IST,9.9
11-Jul-24 1:00:00 PM IST,9.9
11-Jul-24 1:15:00 PM IST,9.8
11-Jul-24 1:30:00 PM IST,9.6
11-Jul-24 1:45:00 PM IST,9.6
11-Jul-24 2:00:00 PM IST,9.6
11-Jul-24 2:15:00 PM IST,9.6
11-Jul-24 2:30:00 PM IST,9.5
11-Jul-24 2:45:00 PM IST,9.7
11-Jul-24 3:00:00 PM IST,10.0
11-Jul-24 3:15:00 PM IST,10.0
11-Jul-24 3:30:01 PM IST,9.9
11-Jul-24 3:45:00 PM IST,10.0
11-Jul-24 4:00:00 PM IST,10.1
11-Jul-24 4:15:00 PM IST,10.2
11-Jul-24 4:30:01 PM IST,10.1
11-Jul-24 4:45:00 PM IST,10.2
11-Jul-24 5:00:00 PM IST,10.3
11-Jul-24 5:15:00 PM IST,10.4
11-Jul-24 5:30:00 PM IST,10.1
11-Jul-24 5:45:00 PM IST,10.2
11-Jul-24 6:00:00 PM IST,10.0
11-Jul-24 6:15:02 PM IST,10.6
11-Jul-24 6:30:01 PM IST,11.1
11-Jul-24 6:45:00 PM IST,12.5
11-Jul-24 7:00:00 PM IST,14.3
11-Jul-24 7:15:00 PM IST,12.7
11-Jul-24 7:30:00 PM IST,13.0
11-Jul-24 7:45:00 PM IST,13.4
11-Jul-24 8:00:00 PM IST,13.7
11-Jul-24 8:15:00 PM IST,13.9
11-Jul-24 8:30:00 PM IST,13.1
11-Jul-24 8:45:00 PM IST,14.4
11-Jul-24 9:00:00 PM IST,12.6
11-Jul-24 9:15:00 PM IST,11.6
11-Jul-24 9:30:00 PM IST,11.0
11-Jul-24 9:45:00 PM IST,10.0
11-Jul-24 10:00:01 PM IST,9.1
11-Jul-24 10:15:00 PM IST,9.2
11-Jul-24 10:30:00 PM IST,9.6
11-Jul-24 10:45:00 PM IST,9.8
11-Jul-24 11:00:00 PM IST,10.0
11-Jul-24 11:15:00 PM IST,10.1
11-Jul-24 11:30:00 PM IST,10.2
11-Jul-24 11:45:00 PM IST,10.3
12-Jul-24 12:00:00 AM IST,10.4
12-Jul-24 12:15:01 AM IST,10.4
12-Jul-24 12:30:00 AM IST,10.4
12-Jul-24 12:45:01 AM IST,10.4
12-Jul-24 1:00:00 AM IST,10.5
12-Jul-24 1:15:00 AM IST,10.7
12-Jul-24 1:30:00 AM IST,10.9
12-Jul-24 1:45:00 AM IST,11.0
12-Jul-24 2:00:00 AM IST,11.1
12-Jul-24 2:15:00 AM IST,11.1
12-Jul-24 2:30:00 AM IST,11.1
12-Jul-24 2:45:00 AM IST,11.2
12-Jul-24 3:00:00 AM IST,11.2
12-Jul-24 3:15:00 AM IST,11.3
12-Jul-24 3:30:00 AM IST,11.4
12-Jul-24 3:45:00 AM IST,11.4
12-Jul-24 4:00:01 AM IST,11.5
12-Jul-24 4:15:00 AM IST,11.6
12-Jul-24 4:30:00 AM IST,11.7
12-Jul-24 4:45:00 AM IST,11.7
12-Jul-24 5:00:00 AM IST,11.8
12-Jul-24 5:15:00 AM IST,11.9
12-Jul-24 5:30:01 AM IST,11.9
12-Jul-24 5:45:00 AM IST,12.0
12-Jul-24 6:00:00 AM IST,12.0
12-Jul-24 6:15:00 AM IST,12.1
12-Jul-24 6:30:00 AM IST,12.1
12-Jul-24 6:45:01 AM IST,12.2
12-Jul-24 7:00:00 AM IST,12.2
12-Jul-24 7:15:00 AM IST,12.3
12-Jul-24 7:30:00 AM IST,11.9
12-Jul-24 7:45:00 AM IST,12.9
12-Jul-24 8:00:00 AM IST,10.5
12-Jul-24 8:15:00 AM IST,9.7
12-Jul-24 8:30:00 AM IST,9.2
12-Jul-24 8:45:00 AM IST,10.8
12-Jul-24 9:00:00 AM IST,10.3
12-Jul-24 9:15:00 AM IST,10.1
12-Jul-24 9:30:02 AM IST,10.4
12-Jul-24 9:45:01 AM IST,10.3
12-Jul-24 10:00:00 AM IST,10.2
12-Jul-24 10:15:01 AM IST,10.2
12-Jul-24 10:30:00 AM IST,10.3
12-Jul-24 10:45:00 AM IST,10.2
12-Jul-24 11:00:00 AM IST,10.4
12-Jul-24 11:15:00 AM IST,10.4
12-Jul-24 11:30:00 AM IST,10.4
12-Jul-24 11:45:00 AM IST,10.3
12-Jul-24 12:00:00 PM IST,10.3
12-Jul-24 12:15:00 PM IST,10.4
12-Jul-24 12:30:00 PM IST,10.3
12-Jul-24 12:45:01 PM IST,10.3
12-Jul-24 1:00:00 PM IST,10.4
12-Jul-24 1:15:00 PM IST,10.3
12-Jul-24 1:30:00 PM IST,11.2
12-Jul-24 1:45:00 PM IST,11.7
12-Jul-24 2:00:00 PM IST,12.0
12-Jul-24 2:15:00 PM IST,12.5
12-Jul-24 2:30:00 PM IST,12.6
12-Jul-24 2:45:00 PM IST,12.8
12-Jul-24 3:00:00 PM IST,12.6
12-Jul-24 3:15:00 PM IST,13.1
12-Jul-24 3:30:00 PM IST,13.4
12-Jul-24 3:45:00 PM IST,13.4
12-Jul-24 4:00:00 PM IST,15.8
12-Jul-24 4:15:00 PM IST,15.8
12-Jul-24 4:30:01 PM IST,15.1
12-Jul-24 4:45:01 PM IST,14.8
12-Jul-24 5:00:00 PM IST,14.0
12-Jul-24 5:15:00 PM IST,12.3
12-Jul-24 5:30:01 PM IST,10.8
12-Jul-24 5:45:00 PM IST,9.6
12-Jul-24 6:00:01 PM IST,7.5
12-Jul-24 6:15:01 PM IST,7.9
12-Jul-24 6:30:00 PM IST,9.0
12-Jul-24 6:45:01 PM IST,8.8
12-Jul-24 7:00:00 PM IST,8.6
12-Jul-24 7:15:00 PM IST,8.6
12-Jul-24 7:30:00 PM IST,8.5
12-Jul-24 7:45:00 PM IST,8.4
12-Jul-24 8:00:00 PM IST,8.2
12-Jul-24 8:15:00 PM IST,8.2
12-Jul-24 8:30:00 PM IST,8.2
12-Jul-24 8:45:00 PM IST,8.1
12-Jul-24 9:00:00 PM IST,8.6
12-Jul-24 9:15:00 PM IST,8.3
12-Jul-24 9:30:01 PM IST,8.3
12-Jul-24 9:45:00 PM IST,8.3
12-Jul-24 10:00:00 PM IST,8.0
12-Jul-24 10:15:00 PM IST,8.0
12-Jul-24 10:30:00 PM IST,7.8
12-Jul-24 10:45:00 PM IST,7.8
12-Jul-24 11:00:00 PM IST,9.2
12-Jul-24 11:15:00 PM IST,8.9
12-Jul-24 11:30:00 PM IST,9.3
12-Jul-24 11:45:00 PM IST,9.6
13-Jul-24 12:00:00 AM IST,9.9
13-Jul-24 12:15:00 AM IST,10.1
13-Jul-24 12:30:00 AM IST,10.3
13-Jul-24 12:45:00 AM IST,10.5
13-Jul-24 1:00:00 AM IST,10.4
13-Jul-24 1:15:00 AM IST,10.3
13-Jul-24 1:30:00 AM IST,10.3
13-Jul-24 1:45:00 AM IST,10.2
13-Jul-24 2:00:00 AM IST,10.2
13-Jul-24 2:15:00 AM IST,10.2
13-Jul-24 2:30:00 AM IST,10.2
13-Jul-24 2:45:00 AM IST,10.3
13-Jul-24 3:00:00 AM IST,10.3
13-Jul-24 3:15:00 AM IST,10.3
13-Jul-24 3:30:00 AM IST,10.3
13-Jul-24 3:45:00 AM IST,10.4
13-Jul-24 4:00:01 AM IST,10.4
13-Jul-24 4:15:00 AM IST,10.5
13-Jul-24 4:30:00 AM IST,10.5
13-Jul-24 4:45:00 AM IST,10.6
13-Jul-24 5:00:01 AM IST,10.6
13-Jul-24 5:15:01 AM IST,10.7
13-Jul-24 5:30:00 AM IST,10.8
13-Jul-24 5:45:00 AM IST,10.9
13-Jul-24 6:00:00 AM IST,10.9
13-Jul-24 6:15:00 AM IST,11.0
13-Jul-24 6:30:00 AM IST,11.0
13-Jul-24 6:45:00 AM IST,11.1
13-Jul-24 7:00:00 AM IST,11.1
13-Jul-24 7:15:00 AM IST,11.2
13-Jul-24 7:30:00 AM IST,11.3
13-Jul-24 7:45:00 AM IST,8.6
13-Jul-24 8:00:00 AM IST,10.3
13-Jul-24 8:15:00 AM IST,9.1
13-Jul-24 8:30:00 AM IST,8.5
13-Jul-24 8:45:00 AM IST,11.0
13-Jul-24 9:00:01 AM IST,10.5
13-Jul-24 9:15:00 AM IST,10.6
13-Jul-24 9:30:00 AM IST,10.5
13-Jul-24 9:45:00 AM IST,10.3
13-Jul-24 10:00:00 AM IST,10.3
13-Jul-24 10:15:00 AM IST,10.4
13-Jul-24 10:30:00 AM IST,10.5
13-Jul-24 10:45:00 AM IST,10.4
13-Jul-24 11:00:00 AM IST,10.5
13-Jul-24 11:15:00 AM IST,10.4
13-Jul-24 11:30:00 AM IST,10.4
13-Jul-24 11:45:00 AM IST,10.1
13-Jul-24 12:00:00 PM IST,10.1
13-Jul-24 12:15:00 PM IST,9.9
13-Jul-24 12:30:00 PM IST,9.2
13-Jul-24 12:45:00 PM IST,8.6
13-Jul-24 1:00:00 PM IST,8.3
13-Jul-24 1:15:00 PM IST,8.0
13-Jul-24 1:30:01 PM IST,7.8
13-Jul-24 1:45:00 PM IST,9.7
13-Jul-24 2:00:00 PM IST,8.1
13-Jul-24 2:15:00 PM IST,7.7
13-Jul-24 2:30:00 PM IST,7.7
13-Jul-24 2:45:01 PM IST,7.6
13-Jul-24 3:00:00 PM IST,7.9
13-Jul-24 3:15:00 PM IST,8.1
13-Jul-24 3:30:00 PM IST,8.3
13-Jul-24 3:45:00 PM IST,8.4
13-Jul-24 4:00:00 PM IST,8.2
13-Jul-24 4:15:00 PM IST,7.8
13-Jul-24 4:30:00 PM IST,7.7
13-Jul-24 4:45:00 PM IST,7.5
13-Jul-24 5:00:00 PM IST,7.4
13-Jul-24 5:15:01 PM IST,7.6
13-Jul-24 5:30:00 PM IST,7.6
13-Jul-24 5:45:00 PM IST,7.3
13-Jul-24 6:00:00 PM IST,9.0
13-Jul-24 6:15:00 PM IST,8.4
13-Jul-24 6:30:01 PM IST,8.1
13-Jul-24 6:45:00 PM IST,8.0
13-Jul-24 7:00:01 PM IST,9.6
13-Jul-24 7:15:00 PM IST,10.4
13-Jul-24 7:30:00 PM IST,10.7
13-Jul-24 7:45:01 PM IST,11.0
13-Jul-24 8:00:01 PM IST,11.2
13-Jul-24 8:15:00 PM IST,11.4
13-Jul-24 8:30:00 PM IST,11.7
13-Jul-24 8:45:00 PM IST,11.9
13-Jul-24 9:00:00 PM IST,11.9
13-Jul-24 9:15:00 PM IST,11.9
13-Jul-24 9:30:00 PM IST,11.9
13-Jul-24 9:45:00 PM IST,11.9
13-Jul-24 10:00:00 PM IST,12.0
13-Jul-24 10:15:01 PM IST,12.1
13-Jul-24 10:30:00 PM IST,12.1
13-Jul-24 10:45:00 PM IST,12.1
13-Jul-24 11:00:01 PM IST,12.2
13-Jul-24 11:15:01 PM IST,12.2
13-Jul-24 11:30:00 PM IST,12.2
13-Jul-24 11:45:00 PM IST,12.2
14-Jul-24 12:00:00 AM IST,12.3
14-Jul-24 12:15:01 AM IST,12.4
14-Jul-24 12:30:00 AM IST,12.4
14-Jul-24 12:45:00 AM IST,12.5
14-Jul-24 1:00:00 AM IST,12.6
14-Jul-24 1:15:00 AM IST,12.7
14-Jul-24 1:30:00 AM IST,12.8
14-Jul-24 1:45:01 AM IST,12.9
14-Jul-24 2:00:00 AM IST,13.0
14-Jul-24 2:15:00 AM IST,13.1
14-Jul-24 2:30:01 AM IST,13.1
14-Jul-24 2:45:00 AM IST,13.2
14-Jul-24 3:00:00 AM IST,13.3
14-Jul-24 3:15:00 AM IST,13.4
14-Jul-24 3:30:01 AM IST,13.5
14-Jul-24 3:45:00 AM IST,13.5
14-Jul-24 4:00:00 AM IST,13.6
14-Jul-24 4:15:00 AM IST,13.6
14-Jul-24 4:30:00 AM IST,13.7
14-Jul-24 4:45:00 AM IST,13.7
14-Jul-24 5:00:00 AM IST,13.8
14-Jul-24 5:15:00 AM IST,13.9
14-Jul-24 5:30:00 AM IST,13.9
14-Jul-24 5:45:00 AM IST,14.0
14-Jul-24 6:00:00 AM IST,14.0
14-Jul-24 6:15:00 AM IST,14.1
14-Jul-24 6:30:00 AM IST,14.1
14-Jul-24 6:45:01 AM IST,14.2
14-Jul-24 7:00:00 AM IST,14.3
14-Jul-24 7:15:00 AM IST,14.3
14-Jul-24 7:30:00 AM IST,14.4
14-Jul-24 7:45:00 AM IST,14.5
14-Jul-24 8:00:00 AM IST,14.6
14-Jul-24 8:15:00 AM IST,13.7
14-Jul-24 8:30:00 AM IST,11.1
14-Jul-24 8:45:00 AM IST,10.9
14-Jul-24 9:00:01 AM IST,9.7
14-Jul-24 9:15:00 AM IST,8.6
14-Jul-24 9:30:00 AM IST,8.2
14-Jul-24 9:45:00 AM IST,7.8
14-Jul-24 10:00:00 AM IST,7.3
14-Jul-24 10:15:01 AM IST,8.2
14-Jul-24 10:30:00 AM IST,8.8
14-Jul-24 10:45:00 AM IST,9.2
14-Jul-24 11:00:00 AM IST,9.7
14-Jul-24 11:15:01 AM IST,10.1
14-Jul-24 11:30:00 AM IST,10.5
14-Jul-24 11:45:00 AM IST,11.0
14-Jul-24 12:00:01 PM IST,11.4
14-Jul-24 12:15:01 PM IST,11.9
14-Jul-24 12:30:01 PM IST,12.3
14-Jul-24 12:45:00 PM IST,11.6
14-Jul-24 1:00:01 PM IST,10.1
14-Jul-24 1:15:00 PM IST,8.9
14-Jul-24 1:30:00 PM IST,8.2
14-Jul-24 1:45:00 PM IST,7.5
14-Jul-24 2:00:00 PM IST,8.4
14-Jul-24 2:15:00 PM IST,9.1
14-Jul-24 2:30:00 PM IST,9.4
14-Jul-24 2:45:00 PM IST,8.5
14-Jul-24 3:00:01 PM IST,9.4
14-Jul-24 3:15:00 PM IST,9.9
14-Jul-24 3:30:00 PM IST,10.4
14-Jul-24 3:45:00 PM IST,10.8
14-Jul-24 4:00:00 PM IST,11.1
14-Jul-24 4:15:01 PM IST,11.4
14-Jul-24 4:30:00 PM IST,12.0
14-Jul-24 4:45:00 PM IST,12.4
14-Jul-24 5:00:00 PM IST,12.7
14-Jul-24 5:15:00 PM IST,12.9
14-Jul-24 5:30:00 PM IST,13.1
14-Jul-24 5:45:00 PM IST,13.3
14-Jul-24 6:00:00 PM IST,13.3
14-Jul-24 6:15:00 PM IST,13.3
14-Jul-24 6:30:00 PM IST,13.2
14-Jul-24 6:45:00 PM IST,13.1
14-Jul-24 7:00:00 PM IST,13.1
14-Jul-24 7:15:00 PM IST,13.2
14-Jul-24 7:30:00 PM IST,13.2
14-Jul-24 7:45:00 PM IST,13.2
14-Jul-24 8:00:00 PM IST,13.2
14-Jul-24 8:15:00 PM IST,13.3
14-Jul-24 8:30:00 PM IST,13.3
14-Jul-24 8:45:00 PM IST,13.4
14-Jul-24 9:00:00 PM IST,13.4
14-Jul-24 9:15:00 PM IST,13.5
14-Jul-24 9:30:00 PM IST,13.6
14-Jul-24 9:45:00 PM IST,13.6
14-Jul-24 10:00:01 PM IST,13.7
14-Jul-24 10:15:00 PM IST,13.8
14-Jul-24 10:30:00 PM IST,13.9
14-Jul-24 10:45:00 PM IST,13.9
14-Jul-24 11:00:00 PM IST,14.0
14-Jul-24 11:15:00 PM IST,14.1
14-Jul-24 11:30:00 PM IST,14.2
14-Jul-24 11:45:00 PM IST,14.2
15-Jul-24 12:00:00 AM IST,14.3
15-Jul-24 12:15:00 AM IST,14.4
15-Jul-24 12:30:00 AM IST,14.4
15-Jul-24 12:45:00 AM IST,14.5
15-Jul-24 1:00:00 AM IST,14.6
15-Jul-24 1:15:00 AM IST,14.6
15-Jul-24 1:30:00 AM IST,14.7
15-Jul-24 1:45:00 AM IST,14.8
15-Jul-24 2:00:00 AM IST,14.8
15-Jul-24 2:15:00 AM IST,14.9
15-Jul-24 2:30:00 AM IST,14.9
15-Jul-24 2:45:00 AM IST,14.9
15-Jul-24 3:00:00 AM IST,15.0
15-Jul-24 3:15:00 AM IST,15.0
15-Jul-24 3:30:00 AM IST,15.1
15-Jul-24 3:45:00 AM IST,15.1
15-Jul-24 4:00:01 AM IST,15.2
15-Jul-24 4:15:01 AM IST,15.2
15-Jul-24 4:30:00 AM IST,15.3
15-Jul-24 4:45:00 AM IST,15.3
15-Jul-24 5:00:00 AM IST,15.4
15-Jul-24 5:15:00 AM IST,15.5
15-Jul-24 5:30:00 AM IST,15.5
15-Jul-24 5:45:00 AM IST,15.6
15-Jul-24 6:00:00 AM IST,15.6
15-Jul-24 6:15:00 AM IST,15.7
15-Jul-24 6:30:00 AM IST,15.8
15-Jul-24 6:45:00 AM IST,15.8
15-Jul-24 7:00:00 AM IST,15.9
15-Jul-24 7:15:03 AM IST,15.9
15-Jul-24 7:30:01 AM IST,16.0
15-Jul-24 7:45:01 AM IST,13.4
15-Jul-24 8:00:00 AM IST,13.9
15-Jul-24 8:15:00 AM IST,10.3
15-Jul-24 8:30:01 AM IST,7.8
15-Jul-24 8:45:01 AM IST,8.0
15-Jul-24 9:00:00 AM IST,9.7
15-Jul-24 9:15:00 AM IST,10.0
15-Jul-24 9:30:00 AM IST,9.7
15-Jul-24 9:45:00 AM IST,9.4
15-Jul-24 10:00:00 AM IST,9.2
15-Jul-24 10:15:00 AM IST,9.3
15-Jul-24 10:30:00 AM IST,9.2
15-Jul-24 10:45:01 AM IST,9.2
15-Jul-24 11:00:00 AM IST,11.5
15-Jul-24 11:15:01 AM IST,9.6
15-Jul-24 11:30:00 AM IST,9.4
15-Jul-24 11:45:00 AM IST,9.3
15-Jul-24 12:00:00 PM IST,11.4
15-Jul-24 12:15:00 PM IST,9.7
15-Jul-24 12:30:00 PM IST,9.2
15-Jul-24 12:45:00 PM IST,9.0
15-Jul-24 1:00:00 PM IST,11.2
15-Jul-24 1:15:00 PM IST,9.0
15-Jul-24 1:30:00 PM IST,8.9
15-Jul-24 1:45:00 PM IST,8.9
15-Jul-24 2:00:00 PM IST,8.8
15-Jul-24 2:15:01 PM IST,8.6
15-Jul-24 2:30:00 PM IST,8.6
15-Jul-24 2:45:00 PM IST,8.6
15-Jul-24 3:00:00 PM IST,8.6
15-Jul-24 3:15:00 PM IST,8.7
15-Jul-24 3:30:00 PM IST,8.8
15-Jul-24 3:45:00 PM IST,8.8
15-Jul-24 4:00:00 PM IST,10.2
15-Jul-24 4:15:00 PM IST,9.6
15-Jul-24 4:30:00 PM IST,9.2
15-Jul-24 4:45:00 PM IST,9.1
15-Jul-24 5:00:00 PM IST,9.1
15-Jul-24 5:15:00 PM IST,9.0
15-Jul-24 5:30:00 PM IST,9.0
15-Jul-24 5:45:01 PM IST,8.9
15-Jul-24 6:00:00 PM IST,8.8
15-Jul-24 6:15:00 PM IST,9.0
15-Jul-24 6:30:00 PM IST,9.4
15-Jul-24 6:45:00 PM IST,9.5
15-Jul-24 7:00:00 PM IST,9.2
15-Jul-24 7:15:00 PM IST,9.2
15-Jul-24 7:30:00 PM IST,9.6
15-Jul-24 7:45:00 PM IST,9.8
15-Jul-24 8:00:00 PM IST,9.9
15-Jul-24 8:15:00 PM IST,10.1
15-Jul-24 8:30:00 PM IST,10.3
15-Jul-24 8:45:00 PM IST,10.5
15-Jul-24 9:00:00 PM IST,10.7
15-Jul-24 9:15:00 PM IST,10.9
15-Jul-24 9:30:00 PM IST,11.1
15-Jul-24 9:45:00 PM IST,11.2
15-Jul-24 10:00:00 PM IST,11.4
15-Jul-24 10:15:00 PM IST,11.4
15-Jul-24 10:30:02 PM IST,11.5
15-Jul-24 10:45:01 PM IST,11.6
15-Jul-24 11:00:00 PM IST,11.6
15-Jul-24 11:15:00 PM IST,11.7
15-Jul-24 11:30:00 PM IST,11.8
15-Jul-24 11:45:00 PM IST,11.9
16-Jul-24 12:00:00 AM IST,12.0
16-Jul-24 12:15:00 AM IST,12.2
16-Jul-24 12:30:00 AM IST,12.3
16-Jul-24 12:45:00 AM IST,12.5
16-Jul-24 1:00:00 AM IST,12.7
16-Jul-24 1:15:01 AM IST,12.9
16-Jul-24 1:30:00 AM IST,13.1
16-Jul-24 1:45:00 AM IST,13.4
16-Jul-24 2:00:00 AM IST,13.7
16-Jul-24 2:15:00 AM IST,14.0
16-Jul-24 2:30:00 AM IST,14.4
16-Jul-24 2:45:00 AM IST,14.8
16-Jul-24 3:00:00 AM IST,15.2
16-Jul-24 3:15:00 AM IST,15.6
16-Jul-24 3:30:00 AM IST,15.9
16-Jul-24 3:45:00 AM IST,16.2
16-Jul-24 4:00:00 AM IST,16.5
16-Jul-24 4:15:00 AM IST,16.7
16-Jul-24 4:30:00 AM IST,16.9
16-Jul-24 4:45:00 AM IST,17.1
16-Jul-24 5:00:00 AM IST,17.2
16-Jul-24 5:15:00 AM IST,17.3
16-Jul-24 5:30:01 AM IST,17.4
16-Jul-24 5:45:00 AM IST,17.5
16-Jul-24 6:00:01 AM IST,17.7
16-Jul-24 6:15:00 AM IST,17.7
16-Jul-24 6:30:00 AM IST,17.8
16-Jul-24 6:45:00 AM IST,17.9
16-Jul-24 7:00:00 AM IST,17.9
16-Jul-24 7:15:00 AM IST,18.0
16-Jul-24 7:30:00 AM IST,18.0
16-Jul-24 7:45:00 AM IST,11.6
16-Jul-24 8:00:01 AM IST,11.7
16-Jul-24 8:15:00 AM IST,11.0
16-Jul-24 8:30:00 AM IST,10.4
16-Jul-24 8:45:00 AM IST,9.7
16-Jul-24 9:00:00 AM IST,9.1
16-Jul-24 9:15:00 AM IST,8.9
16-Jul-24 9:30:01 AM IST,11.0
16-Jul-24 9:45:00 AM IST,9.9
16-Jul-24 10:00:01 AM IST,9.9
16-Jul-24 10:15:00 AM IST,10.3
16-Jul-24 10:30:00 AM IST,9.7
16-Jul-24 10:45:00 AM IST,9.5
16-Jul-24 11:00:00 AM IST,9.2
16-Jul-24 11:15:01 AM IST,9.3
16-Jul-24 11:30:00 AM IST,9.1
16-Jul-24 11:45:00 AM IST,9.0
16-Jul-24 12:00:00 PM IST,8.9
16-Jul-24 12:15:00 PM IST,8.7
16-Jul-24 12:30:00 PM IST,8.9
16-Jul-24 12:45:00 PM IST,8.9
16-Jul-24 1:00:01 PM IST,8.9
16-Jul-24 1:15:00 PM IST,8.9
16-Jul-24 1:30:00 PM IST,9.1
16-Jul-24 1:45:00 PM IST,9.1
16-Jul-24 2:00:00 PM IST,9.1
16-Jul-24 2:15:00 PM IST,9.1
16-Jul-24 2:30:00 PM IST,9.2
16-Jul-24 2:45:00 PM IST,9.2
16-Jul-24 3:00:00 PM IST,9.4
16-Jul-24 3:15:00 PM IST,9.5
16-Jul-24 3:30:00 PM IST,9.6
16-Jul-24 3:45:00 PM IST,9.6
16-Jul-24 4:00:00 PM IST,9.5
16-Jul-24 4:15:00 PM IST,9.5
16-Jul-24 4:30:00 PM IST,9.5
16-Jul-24 4:45:00 PM IST,9.5
16-Jul-24 5:00:01 PM IST,9.3
16-Jul-24 5:15:00 PM IST,9.2
16-Jul-24 5:30:00 PM IST,9.0
16-Jul-24 5:45:00 PM IST,8.8
16-Jul-24 6:00:00 PM IST,8.6
16-Jul-24 6:15:00 PM IST,10.8
16-Jul-24 6:30:00 PM IST,12.4
16-Jul-24 6:45:00 PM IST,12.0
16-Jul-24 7:00:00 PM IST,10.2
16-Jul-24 7:15:00 PM IST,10.2
16-Jul-24 7:30:01 PM IST,9.9
16-Jul-24 7:45:00 PM IST,9.9
16-Jul-24 8:00:00 PM IST,10.1
16-Jul-24 8:15:00 PM IST,10.3
16-Jul-24 8:30:00 PM IST,10.4
16-Jul-24 8:45:00 PM IST,10.4
16-Jul-24 9:00:00 PM IST,10.6
16-Jul-24 9:15:00 PM IST,10.7
16-Jul-24 9:30:00 PM IST,10.9
16-Jul-24 9:45:00 PM IST,11.1
16-Jul-24 10:00:01 PM IST,11.2
16-Jul-24 10:15:00 PM IST,11.4
16-Jul-24 10:30:00 PM IST,11.4
16-Jul-24 10:45:01 PM IST,11.6
16-Jul-24 11:00:01 PM IST,11.6
16-Jul-24 11:15:00 PM IST,11.8
16-Jul-24 11:30:00 PM IST,11.8
16-Jul-24 11:45:00 PM IST,12.0
17-Jul-24 12:00:00 AM IST,12.1
17-Jul-24 12:15:00 AM IST,12.2
17-Jul-24 12:30:00 AM IST,12.3
17-Jul-24 12:45:01 AM IST,12.4
17-Jul-24 1:00:00 AM IST,12.6
17-Jul-24 1:15:00 AM IST,12.8
17-Jul-24 1:30:00 AM IST,12.9
17-Jul-24 1:45:01 AM IST,13.1
17-Jul-24 2:00:00 AM IST,13.3
17-Jul-24 2:15:00 AM IST,13.5
17-Jul-24 2:30:01 AM IST,13.8
17-Jul-24 2:45:01 AM IST,14.0
17-Jul-24 3:00:00 AM IST,14.3
17-Jul-24 3:15:00 AM IST,14.5
17-Jul-24 3:30:00 AM IST,14.8
17-Jul-24 3:45:00 AM IST,15.1
17-Jul-24 4:00:00 AM IST,15.4
17-Jul-24 4:15:00 AM IST,15.7
17-Jul-24 4:30:00 AM IST,16.0
17-Jul-24 4:45:00 AM IST,16.3
17-Jul-24 5:00:00 AM IST,16.6
17-Jul-24 5:15:00 AM IST,16.9
17-Jul-24 5:30:00 AM IST,17.1
17-Jul-24 5:45:00 AM IST,17.3
17-Jul-24 6:00:00 AM IST,17.5
17-Jul-24 6:15:01 AM IST,17.6
17-Jul-24 6:30:00 AM IST,17.8
17-Jul-24 6:45:00 AM IST,17.9
17-Jul-24 7:00:00 AM IST,18.0
17-Jul-24 7:15:01 AM IST,18.1
17-Jul-24 7:30:00 AM IST,18.1
17-Jul-24 7:45:00 AM IST,18.2
17-Jul-24 8:00:00 AM IST,18.3
17-Jul-24 8:15:00 AM IST,18.3
17-Jul-24 8:30:00 AM IST,18.4
17-Jul-24 8:45:00 AM IST,17.1
17-Jul-24 9:00:00 AM IST,15.9
17-Jul-24 9:15:00 AM IST,16.1
17-Jul-24 9:30:00 AM IST,16.3
17-Jul-24 9:45:01 AM IST,15.8
17-Jul-24 10:00:01 AM IST,15.4
17-Jul-24 10:15:00 AM IST,15.2
17-Jul-24 10:30:00 AM IST,15.2
17-Jul-24 10:45:00 AM IST,15.3
17-Jul-24 11:00:02 AM IST,15.4
17-Jul-24 11:15:00 AM IST,15.4
17-Jul-24 11:30:00 AM IST,15.6
17-Jul-24 11:45:01 AM IST,15.7
17-Jul-24 12:00:00 PM IST,15.8
17-Jul-24 12:15:00 PM IST,15.9
17-Jul-24 12:30:00 PM IST,16.0
17-Jul-24 12:45:01 PM IST,16.2
17-Jul-24 1:00:00 PM IST,16.4
17-Jul-24 1:15:00 PM IST,16.6
17-Jul-24 1:30:00 PM IST,16.8
17-Jul-24 1:45:00 PM IST,17.0
17-Jul-24 2:00:01 PM IST,17.3
17-Jul-24 2:15:00 PM IST,17.5
17-Jul-24 2:30:00 PM IST,17.8
17-Jul-24 2:45:00 PM IST,18.0
17-Jul-24 3:00:00 PM IST,18.2
17-Jul-24 3:15:01 PM IST,18.4
17-Jul-24 3:30:00 PM IST,18.6
17-Jul-24 3:45:00 PM IST,18.8
17-Jul-24 4:00:00 PM IST,18.9
17-Jul-24 4:15:00 PM IST,19.1
17-Jul-24 4:30:00 PM IST,19.3
17-Jul-24 4:45:00 PM IST,19.4
17-Jul-24 5:00:00 PM IST,19.5
17-Jul-24 5:15:00 PM IST,19.5
17-Jul-24 5:30:00 PM IST,19.7
17-Jul-24 5:45:00 PM IST,20.3
17-Jul-24 6:00:01 PM IST,20.8
17-Jul-24 6:15:00 PM IST,21.1
17-Jul-24 6:30:01 PM IST,21.2
17-Jul-24 6:45:01 PM IST,21.3
17-Jul-24 7:00:00 PM IST,21.5
17-Jul-24 7:15:00 PM IST,21.6
17-Jul-24 7:30:00 PM IST,21.7
17-Jul-24 7:45:00 PM IST,21.8
17-Jul-24 8:00:00 PM IST,21.9
17-Jul-24 8:15:00 PM IST,22.0
17-Jul-24 8:30:00 PM IST,22.1
17-Jul-24 8:45:00 PM IST,22.2
17-Jul-24 9:00:00 PM IST,22.3
17-Jul-24 9:15:01 PM IST,22.4
17-Jul-24 9:30:01 PM IST,22.5
17-Jul-24 9:45:00 PM IST,22.6
17-Jul-24 10:00:00 PM IST,22.7
17-Jul-24 10:15:00 PM IST,22.8
17-Jul-24 10:30:00 PM IST,22.9
17-Jul-24 10:45:00 PM IST,23.0
17-Jul-24 11:00:00 PM IST,23.2
17-Jul-24 11:15:00 PM IST,23.3
17-Jul-24 11:30:00 PM IST,23.5
17-Jul-24 11:45:00 PM IST,23.6
18-Jul-24 12:00:00 AM IST,23.7
18-Jul-24 12:15:00 AM IST,23.9
18-Jul-24 12:30:00 AM IST,24.0
18-Jul-24 12:45:00 AM IST,24.1
18-Jul-24 1:00:01 AM IST,24.2
18-Jul-24 1:15:00 AM IST,24.2
18-Jul-24 1:30:00 AM IST,24.3
18-Jul-24 1:45:00 AM IST,24.3
18-Jul-24 2:00:00 AM IST,24.3
18-Jul-24 2:15:00 AM IST,24.3
18-Jul-24 2:30:00 AM IST,24.3
18-Jul-24 2:45:00 AM IST,24.3
18-Jul-24 3:00:00 AM IST,24.2
18-Jul-24 3:15:00 AM IST,24.2
18-Jul-24 3:30:00 AM IST,24.2
18-Jul-24 3:45:00 AM IST,24.2
18-Jul-24 4:00:00 AM IST,24.2
18-Jul-24 4:15:00 AM IST,24.2
18-Jul-24 4:30:00 AM IST,24.2
18-Jul-24 4:45:00 AM IST,24.2
18-Jul-24 5:00:00 AM IST,24.2
18-Jul-24 5:15:00 AM IST,24.2
18-Jul-24 5:30:00 AM IST,24.2
18-Jul-24 5:45:00 AM IST,24.2
18-Jul-24 6:00:00 AM IST,24.2
18-Jul-24 6:15:00 AM IST,24.2
18-Jul-24 6:30:00 AM IST,24.2
18-Jul-24 6:45:00 AM IST,24.2
18-Jul-24 7:00:01 AM IST,24.2
18-Jul-24 7:15:01 AM IST,24.2
18-Jul-24 7:30:00 AM IST,24.2
18-Jul-24 7:45:00 AM IST,15.8
18-Jul-24 8:00:00 AM IST,15.2
18-Jul-24 8:15:01 AM IST,13.8
18-Jul-24 8:30:00 AM IST,12.1
18-Jul-24 8:45:00 AM IST,12.6
18-Jul-24 9:00:00 AM IST,12.0
18-Jul-24 9:15:00 AM IST,11.1
18-Jul-24 9:30:00 AM IST,10.8
18-Jul-24 9:45:00 AM IST,10.1
18-Jul-24 10:00:00 AM IST,10.6
18-Jul-24 10:15:00 AM IST,10.0
18-Jul-24 10:30:00 AM IST,9.2
18-Jul-24 10:45:00 AM IST,8.9
18-Jul-24 11:00:00 AM IST,8.9
18-Jul-24 11:15:00 AM IST,9.1
18-Jul-24 11:30:00 AM IST,9.1
18-Jul-24 11:45:00 AM IST,9.1
18-Jul-24 12:00:01 PM IST,9.1
18-Jul-24 12:15:00 PM IST,9.0
18-Jul-24 12:30:00 PM IST,9.0
